id,kindergarten_id,date,dish_id,children_satisfaction,parent_satisfaction,health,comment,label,children_satisfaction_label,parent_satisfaction_label,health_label,kindergarten_label,dish_label
1,22,2020-10-06,12,three,four,three,wicej kolor贸w,Patki owsiane na mleku; pieczywo z past jajeczn; jogurt naturalny z musem owocowym,3,4,3,Przedszkole Miejskie nr 25 im. Kubusia Puchatka,Patki owsiane na mleku; pieczywo z past jajeczn; jogurt naturalny z musem owocowym
2,NA,NA,NA,NA,NA,NA,,None,NA,NA,NA,NA,NA
3,12,2020-10-06,9,three,five,three,"Mo偶e udaoby si uruchomi  w przedszkolu hodowl kiek贸w? Wystarczy soik, woda i kieki - chtnie opowiem dzieciom w tym jak zdrowe s kieki i naucz je hodowa. Krzysztof .",Kanapki z wdlin i warzywami; budy z musem malinowym,3,5,3,Przedszkole Miejskie nr 12 Niezapominajka,Kanapki z wdlin i warzywami; budy z musem malinowym
4,22,2020-10-06,12,two,four,four,Marcel ma kopot z zup mleczn - w domu u偶ywamy g贸wnie zamiennik贸w bez laktozy. Mo偶e czasem udaoby si wprowadzi zup mleczn z zamiennik贸w sojowych czy owsianych? Su偶 przepisem na przesmaczn zup z kasz jaglan.,Patki owsiane na mleku; pieczywo z past jajeczn; jogurt naturalny z musem owocowym,2,4,4,Przedszkole Miejskie nr 25 im. Kubusia Puchatka,Patki owsiane na mleku; pieczywo z past jajeczn; jogurt naturalny z musem owocowym
5,22,2020-10-06,4,NA,NA,NA,,Klopsiki drobiowe w sosie mietanowo - koperkowym z ziemniakami,NA,NA,NA,Przedszkole Miejskie nr 25 im. Kubusia Puchatka,Klopsiki drobiowe w sosie mietanowo - koperkowym z ziemniakami
6,12,2020-12-07,15,five,five,five,,"Patki owsiane z mlekiem, buka z d偶emem",5,5,5,Przedszkole Miejskie nr 12 Niezapominajka,"Patki owsiane z mlekiem, buka z d偶emem"
7,12,2020-12-07,16,five,five,five,,Banan,5,5,5,Przedszkole Miejskie nr 12 Niezapominajka,Banan
8,12,2020-12-07,17,five,five,five,,"Zupa grochowa z kiebas, pieczywo",5,5,5,Przedszkole Miejskie nr 12 Niezapominajka,"Zupa grochowa z kiebas, pieczywo"
9,12,2020-12-07,18,five,five,five,,"Jabko, piernik witeczny",5,5,5,Przedszkole Miejskie nr 12 Niezapominajka,"Jabko, piernik witeczny"
10,12,2020-12-07,23,three,four,four,poczenie makaronu z marchewk nie przypado dziecku do gustu,"Makaron z twarogiem, polewa mietanowo- jogurtowa, mini marchewki",3,4,4,Przedszkole Miejskie nr 12 Niezapominajka,"Makaron z twarogiem, polewa mietanowo- jogurtowa, mini marchewki"
11,12,2020-12-07,18,five,five,five,,"Jabko, piernik witeczny",5,5,5,Przedszkole Miejskie nr 12 Niezapominajka,"Jabko, piernik witeczny"
12,12,2020-12-07,15,five,five,five,,"Patki owsiane z mlekiem, buka z d偶emem",5,5,5,Przedszkole Miejskie nr 12 Niezapominajka,"Patki owsiane z mlekiem, buka z d偶emem"
13,12,2020-12-07,23,five,five,five,,"Makaron z twarogiem, polewa mietanowo- jogurtowa, mini marchewki",5,5,5,Przedszkole Miejskie nr 12 Niezapominajka,"Makaron z twarogiem, polewa mietanowo- jogurtowa, mini marchewki"
14,12,2020-12-07,17,five,five,five,,"Zupa grochowa z kiebas, pieczywo",5,5,5,Przedszkole Miejskie nr 12 Niezapominajka,"Zupa grochowa z kiebas, pieczywo"
15,12,2020-12-07,16,five,five,five,,Banan,5,5,5,Przedszkole Miejskie nr 12 Niezapominajka,Banan
16,12,2020-12-07,15,five,five,five,,"Patki owsiane z mlekiem, buka z d偶emem",5,5,5,Przedszkole Miejskie nr 12 Niezapominajka,"Patki owsiane z mlekiem, buka z d偶emem"
17,12,2020-12-07,18,five,five,five,,"Jabko, piernik witeczny",5,5,5,Przedszkole Miejskie nr 12 Niezapominajka,"Jabko, piernik witeczny"
18,12,2020-12-07,16,five,five,five,,Banan,5,5,5,Przedszkole Miejskie nr 12 Niezapominajka,Banan
19,12,2020-12-07,17,five,five,five,,"Zupa grochowa z kiebas, pieczywo",5,5,5,Przedszkole Miejskie nr 12 Niezapominajka,"Zupa grochowa z kiebas, pieczywo"
20,22,2020-12-07,20,five,five,five,,Pomaracza,5,5,5,Przedszkole Miejskie nr 25 im. Kubusia Puchatka,Pomaracza
21,12,2020-12-07,23,five,five,five,,"Makaron z twarogiem, polewa mietanowo- jogurtowa, mini marchewki",5,5,5,Przedszkole Miejskie nr 12 Niezapominajka,"Makaron z twarogiem, polewa mietanowo- jogurtowa, mini marchewki"
22,22,2020-12-07,22,five,five,five,,"Racuchy z jabkami, polew mietankow i cukrem pudrem; kompot truskawkowy",5,5,5,Przedszkole Miejskie nr 25 im. Kubusia Puchatka,"Racuchy z jabkami, polew mietankow i cukrem pudrem; kompot truskawkowy"
23,22,2020-12-07,21,three,five,five,,Zupa porowa z klopsikami wieprzowymi,3,5,5,Przedszkole Miejskie nr 25 im. Kubusia Puchatka,Zupa porowa z klopsikami wieprzowymi
24,12,2020-12-07,15,five,five,five,,"Patki owsiane z mlekiem, buka z d偶emem",5,5,5,Przedszkole Miejskie nr 12 Niezapominajka,"Patki owsiane z mlekiem, buka z d偶emem"
25,22,2020-12-07,19,five,five,five,,"Patki orkiszowe na mleku, pieczywo z szynk i warzywami",5,5,5,Przedszkole Miejskie nr 25 im. Kubusia Puchatka,"Patki orkiszowe na mleku, pieczywo z szynk i warzywami"
26,22,2020-12-07,20,five,five,five,nie powinno by pestek w pomaraczach,Pomaracza,5,5,5,Przedszkole Miejskie nr 25 im. Kubusia Puchatka,Pomaracza
27,22,2020-12-07,22,five,five,two,"Synek powiedzia, ze racuchy byy pyszne, ale nie zdrowe, poniewa偶 byo w nich za du偶o cukru.","Racuchy z jabkami, polew mietankow i cukrem pudrem; kompot truskawkowy",5,5,2,Przedszkole Miejskie nr 25 im. Kubusia Puchatka,"Racuchy z jabkami, polew mietankow i cukrem pudrem; kompot truskawkowy"
28,22,2020-12-07,21,three,five,five,,Zupa porowa z klopsikami wieprzowymi,3,5,5,Przedszkole Miejskie nr 25 im. Kubusia Puchatka,Zupa porowa z klopsikami wieprzowymi
29,12,2020-12-07,17,one,four,four,Dla Szymona brzydka zupa,"Zupa grochowa z kiebas, pieczywo",1,4,4,Przedszkole Miejskie nr 12 Niezapominajka,"Zupa grochowa z kiebas, pieczywo"
30,12,2020-12-07,16,five,five,five,,Banan,5,5,5,Przedszkole Miejskie nr 12 Niezapominajka,Banan
31,12,2020-12-07,18,five,five,four,,"Jabko, piernik witeczny",5,5,4,Przedszkole Miejskie nr 12 Niezapominajka,"Jabko, piernik witeczny"
32,22,2020-12-07,19,three,five,five,"Syn nie chcia je zupki, poniewa偶 by na niej ko偶uszek. Wg mnie wiadczy to o tym, ze mleko byo naturalne, ale niestety sama pamitam jak nie jadam takich zup , je偶eli na wierzchu si co osadzao :-)","Patki orkiszowe na mleku, pieczywo z szynk i warzywami",3,5,5,Przedszkole Miejskie nr 25 im. Kubusia Puchatka,"Patki orkiszowe na mleku, pieczywo z szynk i warzywami"
33,12,2020-12-07,23,four,four,four,Lepsze bez marchewki,"Makaron z twarogiem, polewa mietanowo- jogurtowa, mini marchewki",4,4,4,Przedszkole Miejskie nr 12 Niezapominajka,"Makaron z twarogiem, polewa mietanowo- jogurtowa, mini marchewki"
34,12,2020-12-07,15,three,four,four,Bez kanapki z d偶emem -zdanie  mojego synka,"Patki owsiane z mlekiem, buka z d偶emem",3,4,4,Przedszkole Miejskie nr 12 Niezapominajka,"Patki owsiane z mlekiem, buka z d偶emem"
35,22,2020-12-07,22,five,five,three,,"Racuchy z jabkami, polew mietankow i cukrem pudrem; kompot truskawkowy",5,5,3,Przedszkole Miejskie nr 25 im. Kubusia Puchatka,"Racuchy z jabkami, polew mietankow i cukrem pudrem; kompot truskawkowy"
36,22,2020-12-07,22,five,five,five,"4 latka informuje, 偶e cukier puder by niezdrowy ale sama zjada dwie porcje ;)","Racuchy z jabkami, polew mietankow i cukrem pudrem; kompot truskawkowy",5,5,5,Przedszkole Miejskie nr 25 im. Kubusia Puchatka,"Racuchy z jabkami, polew mietankow i cukrem pudrem; kompot truskawkowy"
37,22,2020-12-07,19,four,five,five,,"Patki orkiszowe na mleku, pieczywo z szynk i warzywami",4,5,5,Przedszkole Miejskie nr 25 im. Kubusia Puchatka,"Patki orkiszowe na mleku, pieczywo z szynk i warzywami"
38,22,2020-12-07,21,three,five,five,,Zupa porowa z klopsikami wieprzowymi,3,5,5,Przedszkole Miejskie nr 25 im. Kubusia Puchatka,Zupa porowa z klopsikami wieprzowymi
39,22,2020-12-07,20,five,NA,five,"5 latka krzyczy ""pochwalam to danie voila!""",Pomaracza,5,NA,5,Przedszkole Miejskie nr 25 im. Kubusia Puchatka,Pomaracza
40,22,2020-12-07,20,five,five,five,Pomaracza bya troszk kwana. A mandarynki nie jada.,Pomaracza,5,5,5,Przedszkole Miejskie nr 25 im. Kubusia Puchatka,Pomaracza
41,22,2020-12-07,22,one,five,three,Racuszki c贸rka zjadaby ale bez nadzienia jabkowego.,"Racuchy z jabkami, polew mietankow i cukrem pudrem; kompot truskawkowy",1,5,3,Przedszkole Miejskie nr 25 im. Kubusia Puchatka,"Racuchy z jabkami, polew mietankow i cukrem pudrem; kompot truskawkowy"
42,22,2020-12-07,21,three,five,five,"Klopsiki zjada a zupy tylko troszk, bo zdaniem c贸reczki bya kwana.",Zupa porowa z klopsikami wieprzowymi,3,5,5,Przedszkole Miejskie nr 25 im. Kubusia Puchatka,Zupa porowa z klopsikami wieprzowymi
43,22,2020-12-07,19,three,five,five,"C贸rka chtnie zjadaby zup mleczn, ale mo偶e tylko mleko bez laktozy. Pomidork贸w nie lubi . Zjada wic tylko suchy chleb i og贸rka kiszonego.","Patki orkiszowe na mleku, pieczywo z szynk i warzywami",3,5,5,Przedszkole Miejskie nr 25 im. Kubusia Puchatka,"Patki orkiszowe na mleku, pieczywo z szynk i warzywami"
44,NA,NA,NA,NA,NA,NA,,None,NA,NA,NA,NA,NA
45,12,2020-12-07,17,five,five,five,,"Zupa grochowa z kiebas, pieczywo",5,5,5,Przedszkole Miejskie nr 12 Niezapominajka,"Zupa grochowa z kiebas, pieczywo"
46,12,2020-12-07,23,five,five,five,,"Makaron z twarogiem, polewa mietanowo- jogurtowa, mini marchewki",5,5,5,Przedszkole Miejskie nr 12 Niezapominajka,"Makaron z twarogiem, polewa mietanowo- jogurtowa, mini marchewki"
47,12,2020-12-07,15,five,five,five,,"Patki owsiane z mlekiem, buka z d偶emem",5,5,5,Przedszkole Miejskie nr 12 Niezapominajka,"Patki owsiane z mlekiem, buka z d偶emem"
48,12,2020-12-07,18,five,five,five,,"Jabko, piernik witeczny",5,5,5,Przedszkole Miejskie nr 12 Niezapominajka,"Jabko, piernik witeczny"
49,12,2020-12-07,17,four,four,four,,"Zupa grochowa z kiebas, pieczywo",4,4,4,Przedszkole Miejskie nr 12 Niezapominajka,"Zupa grochowa z kiebas, pieczywo"
50,12,2020-12-07,16,five,five,five,,Banan,5,5,5,Przedszkole Miejskie nr 12 Niezapominajka,Banan
51,12,2020-12-07,23,three,four,four,"Marchewka i makaron osobno super sprawa, natomiast samo pocznie?! Jak dla mnie niebardzo ;)","Makaron z twarogiem, polewa mietanowo- jogurtowa, mini marchewki",3,4,4,Przedszkole Miejskie nr 12 Niezapominajka,"Makaron z twarogiem, polewa mietanowo- jogurtowa, mini marchewki"
52,22,2020-12-07,19,three,five,four,"Mam wtpliwoci co do szynki, s pene ulepszaczy. Lepiej wygldaoby miso samodzielnie upieczone.","Patki orkiszowe na mleku, pieczywo z szynk i warzywami",3,5,4,Przedszkole Miejskie nr 25 im. Kubusia Puchatka,"Patki orkiszowe na mleku, pieczywo z szynk i warzywami"
53,22,2020-12-07,21,one,four,four,,Zupa porowa z klopsikami wieprzowymi,1,4,4,Przedszkole Miejskie nr 25 im. Kubusia Puchatka,Zupa porowa z klopsikami wieprzowymi
54,22,2020-12-07,22,two,two,three,"Nie jestem przekonana, czy dzieci do koca lubi obiady na sodko. Moje nie.
Na podwieczorek, ok.","Racuchy z jabkami, polew mietankow i cukrem pudrem; kompot truskawkowy",2,2,3,Przedszkole Miejskie nr 25 im. Kubusia Puchatka,"Racuchy z jabkami, polew mietankow i cukrem pudrem; kompot truskawkowy"
55,22,2020-12-07,20,three,two,four,,Pomaracza,3,2,4,Przedszkole Miejskie nr 25 im. Kubusia Puchatka,Pomaracza
56,12,2020-12-08,25,five,five,five,,Kisiel z jabkiem,5,5,5,Przedszkole Miejskie nr 12 Niezapominajka,Kisiel z jabkiem
57,12,2020-12-08,27,five,five,five,,Kotlet z piersi kurczaka z ziemniakami i bukietem warzyw,5,5,5,Przedszkole Miejskie nr 12 Niezapominajka,Kotlet z piersi kurczaka z ziemniakami i bukietem warzyw
58,12,2020-12-08,26,one,five,five,,"Zupa og贸rkowa, pieczywo",1,5,5,Przedszkole Miejskie nr 12 Niezapominajka,"Zupa og贸rkowa, pieczywo"
59,12,2020-12-08,32,five,five,five,,liwki,5,5,5,Przedszkole Miejskie nr 12 Niezapominajka,liwki
60,22,2020-12-08,31,five,five,five,,"Kotlet schabowy, ziemniaki z koperkiem, sur贸wka z czerwonej kapusty",5,5,5,Przedszkole Miejskie nr 25 im. Kubusia Puchatka,"Kotlet schabowy, ziemniaki z koperkiem, sur贸wka z czerwonej kapusty"
61,12,2020-12-08,25,one,four,four,za mao sodkie,Kisiel z jabkiem,1,4,4,Przedszkole Miejskie nr 12 Niezapominajka,Kisiel z jabkiem
62,12,2020-12-08,27,five,five,four,,Kotlet z piersi kurczaka z ziemniakami i bukietem warzyw,5,5,4,Przedszkole Miejskie nr 12 Niezapominajka,Kotlet z piersi kurczaka z ziemniakami i bukietem warzyw
63,12,2020-12-08,26,two,four,four,nie podoba si zapach zupy,"Zupa og贸rkowa, pieczywo",2,4,4,Przedszkole Miejskie nr 12 Niezapominajka,"Zupa og贸rkowa, pieczywo"
64,12,2020-12-08,24,four,four,four,lepsze bez pomidora i za mao kanapek dali,"Pieczywo z past z jajek z warzywami, kakao z mlekiem",4,4,4,Przedszkole Miejskie nr 12 Niezapominajka,"Pieczywo z past z jajek z warzywami, kakao z mlekiem"
65,12,2020-12-08,32,five,five,five,bardzo lubi,liwki,5,5,5,Przedszkole Miejskie nr 12 Niezapominajka,liwki
66,12,2020-12-08,25,five,five,five,,Kisiel z jabkiem,5,5,5,Przedszkole Miejskie nr 12 Niezapominajka,Kisiel z jabkiem
67,12,2020-12-08,27,five,five,five,,Kotlet z piersi kurczaka z ziemniakami i bukietem warzyw,5,5,5,Przedszkole Miejskie nr 12 Niezapominajka,Kotlet z piersi kurczaka z ziemniakami i bukietem warzyw
68,12,2020-12-08,26,five,five,five,,"Zupa og贸rkowa, pieczywo",5,5,5,Przedszkole Miejskie nr 12 Niezapominajka,"Zupa og贸rkowa, pieczywo"
69,NA,NA,NA,NA,NA,NA,,None,NA,NA,NA,NA,NA
70,12,2020-12-08,24,five,five,five,,"Pieczywo z past z jajek z warzywami, kakao z mlekiem",5,5,5,Przedszkole Miejskie nr 12 Niezapominajka,"Pieczywo z past z jajek z warzywami, kakao z mlekiem"
71,12,2020-12-08,32,five,five,five,,liwki,5,5,5,Przedszkole Miejskie nr 12 Niezapominajka,liwki
72,12,NA,NA,NA,NA,NA,,None,NA,NA,NA,Przedszkole Miejskie nr 12 Niezapominajka,NA
73,12,2020-12-08,26,three,four,five,Brzydko pachniao,"Zupa og贸rkowa, pieczywo",3,4,5,Przedszkole Miejskie nr 12 Niezapominajka,"Zupa og贸rkowa, pieczywo"
74,22,2020-12-08,28,three,four,four,,"Pieczywo z paprykarzem domowym i 偶贸tym serem, warzywa; patki owsiane na mleku",3,4,4,Przedszkole Miejskie nr 25 im. Kubusia Puchatka,"Pieczywo z paprykarzem domowym i 偶贸tym serem, warzywa; patki owsiane na mleku"
75,22,2020-12-08,29,three,five,five,,Jogurt naturalny z brzoskwini,3,5,5,Przedszkole Miejskie nr 25 im. Kubusia Puchatka,Jogurt naturalny z brzoskwini
76,22,2020-12-08,30,three,five,five,,Krupnik,3,5,5,Przedszkole Miejskie nr 25 im. Kubusia Puchatka,Krupnik
77,22,2020-12-08,31,four,three,two,"Uwa偶am, 偶e zamiast kotleta schabowego m贸gby by kotlet drobiowy. Poza tym m贸gby by sma偶ony sote, bez panierki lub grillowany.","Kotlet schabowy, ziemniaki z koperkiem, sur贸wka z czerwonej kapusty",4,3,2,Przedszkole Miejskie nr 25 im. Kubusia Puchatka,"Kotlet schabowy, ziemniaki z koperkiem, sur贸wka z czerwonej kapusty"
78,22,2020-12-08,28,five,five,five,,"Pieczywo z paprykarzem domowym i 偶贸tym serem, warzywa; patki owsiane na mleku",5,5,5,Przedszkole Miejskie nr 25 im. Kubusia Puchatka,"Pieczywo z paprykarzem domowym i 偶贸tym serem, warzywa; patki owsiane na mleku"
79,22,2020-12-08,29,five,five,five,"Dziewczyny m贸wi, 偶e ich dzieci w Grupie chtnie jady ;)",Jogurt naturalny z brzoskwini,5,5,5,Przedszkole Miejskie nr 25 im. Kubusia Puchatka,Jogurt naturalny z brzoskwini
80,22,2020-12-08,29,NA,NA,NA,"Podobnie jak ostatnio c贸rka nie mo偶e da mlecznych, gdy偶 jest uczulona na laktoz. Czy byaby mo偶liwo posiku na mleku, jogurcie bez laktozy?",Jogurt naturalny z brzoskwini,NA,NA,NA,Przedszkole Miejskie nr 25 im. Kubusia Puchatka,Jogurt naturalny z brzoskwini
81,22,2020-12-08,30,five,five,five,,Krupnik,5,5,5,Przedszkole Miejskie nr 25 im. Kubusia Puchatka,Krupnik
82,22,2020-12-08,31,five,five,five,,"Kotlet schabowy, ziemniaki z koperkiem, sur贸wka z czerwonej kapusty",5,5,5,Przedszkole Miejskie nr 25 im. Kubusia Puchatka,"Kotlet schabowy, ziemniaki z koperkiem, sur贸wka z czerwonej kapusty"
83,22,2020-12-08,31,three,five,four,"Kotlet by za sony, dlatego c贸rka zjada tylko poow.","Kotlet schabowy, ziemniaki z koperkiem, sur贸wka z czerwonej kapusty",3,5,4,Przedszkole Miejskie nr 25 im. Kubusia Puchatka,"Kotlet schabowy, ziemniaki z koperkiem, sur贸wka z czerwonej kapusty"
84,22,2020-12-08,28,four,five,five,,"Pieczywo z paprykarzem domowym i 偶贸tym serem, warzywa; patki owsiane na mleku",4,5,5,Przedszkole Miejskie nr 25 im. Kubusia Puchatka,"Pieczywo z paprykarzem domowym i 偶贸tym serem, warzywa; patki owsiane na mleku"
85,22,2020-12-08,30,five,five,five,,Krupnik,5,5,5,Przedszkole Miejskie nr 25 im. Kubusia Puchatka,Krupnik
86,22,2020-12-08,28,four,five,four,,"Pieczywo z paprykarzem domowym i 偶贸tym serem, warzywa; patki owsiane na mleku",4,5,4,Przedszkole Miejskie nr 25 im. Kubusia Puchatka,"Pieczywo z paprykarzem domowym i 偶贸tym serem, warzywa; patki owsiane na mleku"
87,22,2020-12-08,29,three,four,two,,Jogurt naturalny z brzoskwini,3,4,2,Przedszkole Miejskie nr 25 im. Kubusia Puchatka,Jogurt naturalny z brzoskwini
88,22,2020-12-08,30,five,five,five,,Krupnik,5,5,5,Przedszkole Miejskie nr 25 im. Kubusia Puchatka,Krupnik
89,22,2020-12-08,31,four,four,four,"Sur贸wka bya ostra powiedzia synek, nie lubi cebuli ;-)","Kotlet schabowy, ziemniaki z koperkiem, sur贸wka z czerwonej kapusty",4,4,4,Przedszkole Miejskie nr 25 im. Kubusia Puchatka,"Kotlet schabowy, ziemniaki z koperkiem, sur贸wka z czerwonej kapusty"
90,22,2020-12-08,28,four,four,four,,"Pieczywo z paprykarzem domowym i 偶贸tym serem, warzywa; patki owsiane na mleku",4,4,4,Przedszkole Miejskie nr 25 im. Kubusia Puchatka,"Pieczywo z paprykarzem domowym i 偶贸tym serem, warzywa; patki owsiane na mleku"
91,22,2020-12-08,29,three,four,four,,Jogurt naturalny z brzoskwini,3,4,4,Przedszkole Miejskie nr 25 im. Kubusia Puchatka,Jogurt naturalny z brzoskwini
92,22,2020-12-08,30,five,five,five,,Krupnik,5,5,5,Przedszkole Miejskie nr 25 im. Kubusia Puchatka,Krupnik
93,22,2020-12-08,31,five,five,four,,"Kotlet schabowy, ziemniaki z koperkiem, sur贸wka z czerwonej kapusty",5,5,4,Przedszkole Miejskie nr 25 im. Kubusia Puchatka,"Kotlet schabowy, ziemniaki z koperkiem, sur贸wka z czerwonej kapusty"
197,22,2020-12-11,60,four,four,four,"zjadem tylko kotlecika i ziemniaczki, picie byo r贸偶owe i nie dobre","Kotlet rybny z sandacza z ziemniakami, sur贸wka z biaej kapusty i marchwii",4,4,4,Przedszkole Miejskie nr 25 im. Kubusia Puchatka,"Kotlet rybny z sandacza z ziemniakami, sur贸wka z biaej kapusty i marchwii"
94,12,2020-12-08,24,five,five,five,"porcja du偶a jak dla 5latki, pomidora zamienia bym na inne warzywo,w okresie zimowym nie maj specjalnego smaku, np zamiana na rzodkiewk, papryk do pochrupania","Pieczywo z past z jajek z warzywami, kakao z mlekiem",5,5,5,Przedszkole Miejskie nr 12 Niezapominajka,"Pieczywo z past z jajek z warzywami, kakao z mlekiem"
95,12,2020-12-08,32,five,five,five,,liwki,5,5,5,Przedszkole Miejskie nr 12 Niezapominajka,liwki
96,12,2020-12-08,25,five,five,five,,Kisiel z jabkiem,5,5,5,Przedszkole Miejskie nr 12 Niezapominajka,Kisiel z jabkiem
97,12,2020-12-08,26,five,five,five,bya pyszna,"Zupa og贸rkowa, pieczywo",5,5,5,Przedszkole Miejskie nr 12 Niezapominajka,"Zupa og贸rkowa, pieczywo"
98,12,2020-12-08,27,five,five,five,gotowane warzywa bleeee,Kotlet z piersi kurczaka z ziemniakami i bukietem warzyw,5,5,5,Przedszkole Miejskie nr 12 Niezapominajka,Kotlet z piersi kurczaka z ziemniakami i bukietem warzyw
99,NA,NA,NA,NA,NA,NA,,None,NA,NA,NA,NA,NA
100,12,2020-12-08,27,five,five,five,,Kotlet z piersi kurczaka z ziemniakami i bukietem warzyw,5,5,5,Przedszkole Miejskie nr 12 Niezapominajka,Kotlet z piersi kurczaka z ziemniakami i bukietem warzyw
101,12,2020-12-09,37,five,four,four,,"Pierogi leniwe z buk tart i masem, sur贸wka z selera, marchewki z rodzynkami i jogurtem",5,4,4,Przedszkole Miejskie nr 12 Niezapominajka,"Pierogi leniwe z buk tart i masem, sur贸wka z selera, marchewki z rodzynkami i jogurtem"
102,12,2020-12-09,33,four,four,five,,"Pieczywo z wdlin i warzywami, kawa z mlekiem",4,4,5,Przedszkole Miejskie nr 12 Niezapominajka,"Pieczywo z wdlin i warzywami, kawa z mlekiem"
103,12,2020-12-09,33,five,four,four,,"Pieczywo z wdlin i warzywami, kawa z mlekiem",5,4,4,Przedszkole Miejskie nr 12 Niezapominajka,"Pieczywo z wdlin i warzywami, kawa z mlekiem"
104,12,2020-12-09,33,four,five,five,Z poziomu pojedynczego dania w dalszym cigu nie wywietla si zdjcie,"Pieczywo z wdlin i warzywami, kawa z mlekiem",4,5,5,Przedszkole Miejskie nr 12 Niezapominajka,"Pieczywo z wdlin i warzywami, kawa z mlekiem"
105,12,2020-12-09,36,five,four,four,,Wafle z amarantusem mandarynka,5,4,4,Przedszkole Miejskie nr 12 Niezapominajka,Wafle z amarantusem mandarynka
106,12,2020-12-09,NA,three,five,five,Miay pestki,None,3,5,5,Przedszkole Miejskie nr 12 Niezapominajka,NA
107,12,2020-12-09,35,five,five,five,"Cyt. ""Bya przepyszna !""","Zupa jarzynowa, pieczywo",5,5,5,Przedszkole Miejskie nr 12 Niezapominajka,"Zupa jarzynowa, pieczywo"
108,12,2020-12-09,36,four,four,four,,Wafle z amarantusem mandarynka,4,4,4,Przedszkole Miejskie nr 12 Niezapominajka,Wafle z amarantusem mandarynka
109,12,2020-12-09,37,four,five,five,Uwaga techniczna. atwiej byoby gdyby po wyborze przedszkola wywietliy si wszystkie dania z danego dnia wraz z mo偶liwoci oceny. Na koniec wysyane oceny jednym 'klikniciem'.,"Pierogi leniwe z buk tart i masem, sur贸wka z selera, marchewki z rodzynkami i jogurtem",4,5,5,Przedszkole Miejskie nr 12 Niezapominajka,"Pierogi leniwe z buk tart i masem, sur贸wka z selera, marchewki z rodzynkami i jogurtem"
110,12,2020-12-09,33,four,four,four,bez pomidora i zielska m贸wi m贸j syn,"Pieczywo z wdlin i warzywami, kawa z mlekiem",4,4,4,Przedszkole Miejskie nr 12 Niezapominajka,"Pieczywo z wdlin i warzywami, kawa z mlekiem"
111,12,2020-12-09,34,four,four,four,Szymek m贸wi 偶e maj pestki,Winogrono,4,4,4,Przedszkole Miejskie nr 12 Niezapominajka,Winogrono
112,12,2020-12-09,35,four,four,four,syn m贸wi 偶e brzydko wyglda zupa,"Zupa jarzynowa, pieczywo",4,4,4,Przedszkole Miejskie nr 12 Niezapominajka,"Zupa jarzynowa, pieczywo"
113,12,2020-12-09,37,four,four,four,,"Pierogi leniwe z buk tart i masem, sur贸wka z selera, marchewki z rodzynkami i jogurtem",4,4,4,Przedszkole Miejskie nr 12 Niezapominajka,"Pierogi leniwe z buk tart i masem, sur贸wka z selera, marchewki z rodzynkami i jogurtem"
114,12,2020-12-09,33,five,five,five,najpyszniejsza kawka z mleczkiem :),"Pieczywo z wdlin i warzywami, kawa z mlekiem",5,5,5,Przedszkole Miejskie nr 12 Niezapominajka,"Pieczywo z wdlin i warzywami, kawa z mlekiem"
115,12,2020-12-09,36,five,five,five,pyszne wafle,Wafle z amarantusem mandarynka,5,5,5,Przedszkole Miejskie nr 12 Niezapominajka,Wafle z amarantusem mandarynka
116,12,2020-12-09,34,five,five,five,jest dobry jak nie ma pestek :),Winogrono,5,5,5,Przedszkole Miejskie nr 12 Niezapominajka,Winogrono
117,12,2020-12-09,35,five,five,five,,"Zupa jarzynowa, pieczywo",5,5,5,Przedszkole Miejskie nr 12 Niezapominajka,"Zupa jarzynowa, pieczywo"
118,12,2020-12-09,37,five,five,five,nie lubie rodzynek,"Pierogi leniwe z buk tart i masem, sur贸wka z selera, marchewki z rodzynkami i jogurtem",5,5,5,Przedszkole Miejskie nr 12 Niezapominajka,"Pierogi leniwe z buk tart i masem, sur贸wka z selera, marchewki z rodzynkami i jogurtem"
119,22,2020-12-09,39,four,five,five,,Winogrono biae i ciemne,4,5,5,Przedszkole Miejskie nr 25 im. Kubusia Puchatka,Winogrono biae i ciemne
120,22,2020-12-09,40,four,four,four,,"Zupa pieczarkowa, pieczywo",4,4,4,Przedszkole Miejskie nr 25 im. Kubusia Puchatka,"Zupa pieczarkowa, pieczywo"
121,22,2020-12-09,38,four,four,four,,"Zupa mleczna z makaronem, chaka z d偶emem i serkiem homogenizowanym",4,4,4,Przedszkole Miejskie nr 25 im. Kubusia Puchatka,"Zupa mleczna z makaronem, chaka z d偶emem i serkiem homogenizowanym"
122,22,2020-12-09,41,two,four,four,,Potrawka z kurczaka z warzywami i ry偶em; fasolka szparagowa,2,4,4,Przedszkole Miejskie nr 25 im. Kubusia Puchatka,Potrawka z kurczaka z warzywami i ry偶em; fasolka szparagowa
123,12,2020-12-09,36,five,five,five,,Wafle z amarantusem mandarynka,5,5,5,Przedszkole Miejskie nr 12 Niezapominajka,Wafle z amarantusem mandarynka
124,12,2020-12-09,33,five,five,five,c贸rka o wszystkich daniach m贸wi 偶e byy pyszne dla innych dzieci.ocena da jest mao wiarygodna. punktacj mo偶e zamieni na bu藕ki?,"Pieczywo z wdlin i warzywami, kawa z mlekiem",5,5,5,Przedszkole Miejskie nr 12 Niezapominajka,"Pieczywo z wdlin i warzywami, kawa z mlekiem"
125,12,2020-12-09,34,five,five,five,"bd w opisie.""wybierz danie"" a nie ""wybierz dat""",Winogrono,5,5,5,Przedszkole Miejskie nr 12 Niezapominajka,Winogrono
126,12,2020-12-09,37,five,five,five,kolorystyka strony jest smutna,"Pierogi leniwe z buk tart i masem, sur贸wka z selera, marchewki z rodzynkami i jogurtem",5,5,5,Przedszkole Miejskie nr 12 Niezapominajka,"Pierogi leniwe z buk tart i masem, sur贸wka z selera, marchewki z rodzynkami i jogurtem"
127,12,2020-12-09,35,five,five,five,powinna by lista da najlepiej od ocenianych do najmniej,"Zupa jarzynowa, pieczywo",5,5,5,Przedszkole Miejskie nr 12 Niezapominajka,"Zupa jarzynowa, pieczywo"
128,12,2020-12-09,37,five,five,five,skr贸ciabym widok strony umieszczajc punktacj poziomo przy pytaniu,"Pierogi leniwe z buk tart i masem, sur贸wka z selera, marchewki z rodzynkami i jogurtem",5,5,5,Przedszkole Miejskie nr 12 Niezapominajka,"Pierogi leniwe z buk tart i masem, sur贸wka z selera, marchewki z rodzynkami i jogurtem"
129,22,2020-12-09,38,five,five,five,Szkoda 偶e nie byo produkt贸w mlecznych bez laktozy.,"Zupa mleczna z makaronem, chaka z d偶emem i serkiem homogenizowanym",5,5,5,Przedszkole Miejskie nr 25 im. Kubusia Puchatka,"Zupa mleczna z makaronem, chaka z d偶emem i serkiem homogenizowanym"
130,12,2020-12-09,NA,NA,NA,NA,zrobiabym jeszcze podzia wg posik贸w jeli kto szuka inspiracji np.na obiad podczas przerwy wakacyjnej,None,NA,NA,NA,Przedszkole Miejskie nr 12 Niezapominajka,NA
131,22,2020-12-09,39,five,five,five,,Winogrono biae i ciemne,5,5,5,Przedszkole Miejskie nr 25 im. Kubusia Puchatka,Winogrono biae i ciemne
132,22,2020-12-09,40,one,three,two,,"Zupa pieczarkowa, pieczywo",1,3,2,Przedszkole Miejskie nr 25 im. Kubusia Puchatka,"Zupa pieczarkowa, pieczywo"
133,22,2020-12-09,41,three,four,five,,Potrawka z kurczaka z warzywami i ry偶em; fasolka szparagowa,3,4,5,Przedszkole Miejskie nr 25 im. Kubusia Puchatka,Potrawka z kurczaka z warzywami i ry偶em; fasolka szparagowa
134,22,2020-12-09,39,five,five,five,,Winogrono biae i ciemne,5,5,5,Przedszkole Miejskie nr 25 im. Kubusia Puchatka,Winogrono biae i ciemne
135,22,2020-12-09,40,four,five,five,,"Zupa pieczarkowa, pieczywo",4,5,5,Przedszkole Miejskie nr 25 im. Kubusia Puchatka,"Zupa pieczarkowa, pieczywo"
136,22,2020-12-09,38,four,five,five,,"Zupa mleczna z makaronem, chaka z d偶emem i serkiem homogenizowanym",4,5,5,Przedszkole Miejskie nr 25 im. Kubusia Puchatka,"Zupa mleczna z makaronem, chaka z d偶emem i serkiem homogenizowanym"
137,22,2020-12-09,41,five,five,five,,Potrawka z kurczaka z warzywami i ry偶em; fasolka szparagowa,5,5,5,Przedszkole Miejskie nr 25 im. Kubusia Puchatka,Potrawka z kurczaka z warzywami i ry偶em; fasolka szparagowa
138,22,2020-12-09,39,five,five,five,,Winogrono biae i ciemne,5,5,5,Przedszkole Miejskie nr 25 im. Kubusia Puchatka,Winogrono biae i ciemne
139,22,2020-12-09,38,five,five,five,,"Zupa mleczna z makaronem, chaka z d偶emem i serkiem homogenizowanym",5,5,5,Przedszkole Miejskie nr 25 im. Kubusia Puchatka,"Zupa mleczna z makaronem, chaka z d偶emem i serkiem homogenizowanym"
140,22,2020-12-09,41,five,five,five,,Potrawka z kurczaka z warzywami i ry偶em; fasolka szparagowa,5,5,5,Przedszkole Miejskie nr 25 im. Kubusia Puchatka,Potrawka z kurczaka z warzywami i ry偶em; fasolka szparagowa
141,22,2020-12-09,40,four,four,five,"Mamo, Dzieci nie mog je grzyb贸w a dzisiaj bya zupa z grzybami "" ;)","Zupa pieczarkowa, pieczywo",4,4,5,Przedszkole Miejskie nr 25 im. Kubusia Puchatka,"Zupa pieczarkowa, pieczywo"
142,22,2020-12-09,39,five,five,five,,Winogrono biae i ciemne,5,5,5,Przedszkole Miejskie nr 25 im. Kubusia Puchatka,Winogrono biae i ciemne
143,22,2020-12-09,40,two,two,four,,"Zupa pieczarkowa, pieczywo",2,2,4,Przedszkole Miejskie nr 25 im. Kubusia Puchatka,"Zupa pieczarkowa, pieczywo"
144,22,2020-12-09,38,four,five,five,,"Zupa mleczna z makaronem, chaka z d偶emem i serkiem homogenizowanym",4,5,5,Przedszkole Miejskie nr 25 im. Kubusia Puchatka,"Zupa mleczna z makaronem, chaka z d偶emem i serkiem homogenizowanym"
145,22,2020-12-09,41,three,five,five,,Potrawka z kurczaka z warzywami i ry偶em; fasolka szparagowa,3,5,5,Przedszkole Miejskie nr 25 im. Kubusia Puchatka,Potrawka z kurczaka z warzywami i ry偶em; fasolka szparagowa
146,22,2020-12-10,48,three,five,five,,"Patki jczmienne na mleku, pieczywo z twaro偶kiem i warzywami oraz z szynk",3,5,5,Przedszkole Miejskie nr 25 im. Kubusia Puchatka,"Patki jczmienne na mleku, pieczywo z twaro偶kiem i warzywami oraz z szynk"
147,22,2020-12-10,49,five,three,three,,"Kisiel jabkowy do picia, wafle ry偶owe",5,3,3,Przedszkole Miejskie nr 25 im. Kubusia Puchatka,"Kisiel jabkowy do picia, wafle ry偶owe"
148,22,2020-12-10,50,three,four,five,,Piecze rzymska z kasz gryczan i sur贸wk z biaej rzodkiewki,3,4,5,Przedszkole Miejskie nr 25 im. Kubusia Puchatka,Piecze rzymska z kasz gryczan i sur贸wk z biaej rzodkiewki
149,22,2020-12-10,51,five,five,five,,Ros贸 z makaronem; mandarynka,5,5,5,Przedszkole Miejskie nr 25 im. Kubusia Puchatka,Ros贸 z makaronem; mandarynka
150,22,2020-12-09,39,four,four,five,,Winogrono biae i ciemne,4,4,5,Przedszkole Miejskie nr 25 im. Kubusia Puchatka,Winogrono biae i ciemne
151,22,2020-12-09,NA,one,one,one,,None,1,1,1,Przedszkole Miejskie nr 25 im. Kubusia Puchatka,NA
152,22,2020-12-09,38,four,four,four,,"Zupa mleczna z makaronem, chaka z d偶emem i serkiem homogenizowanym",4,4,4,Przedszkole Miejskie nr 25 im. Kubusia Puchatka,"Zupa mleczna z makaronem, chaka z d偶emem i serkiem homogenizowanym"
153,22,2020-12-09,41,five,five,five,,Potrawka z kurczaka z warzywami i ry偶em; fasolka szparagowa,5,5,5,Przedszkole Miejskie nr 25 im. Kubusia Puchatka,Potrawka z kurczaka z warzywami i ry偶em; fasolka szparagowa
154,12,2020-12-10,42,five,five,five,"""Pyszne! zdjam wszystko z chlebka i zjadam""","Pieczywo z serem 偶贸tym i warzywami, kakao z mlekiem",5,5,5,Przedszkole Miejskie nr 12 Niezapominajka,"Pieczywo z serem 偶贸tym i warzywami, kakao z mlekiem"
155,12,2020-12-10,43,five,five,five,"""To najpyszniej. Zjadam cay.To m贸j ulubiony""",Jogurt naturalny z musem owocowym,5,5,5,Przedszkole Miejskie nr 12 Niezapominajka,Jogurt naturalny z musem owocowym
156,12,2020-12-10,47,five,five,five,"""yhymmm.To byo dobre, zjadam ca""",Krem brokuowy z grzankami czosnkowymi,5,5,5,Przedszkole Miejskie nr 12 Niezapominajka,Krem brokuowy z grzankami czosnkowymi
157,12,2020-12-10,45,five,five,five,"""bardzo smakoway mi chrupki""","Kiwi, crypsy owocowe",5,5,5,Przedszkole Miejskie nr 12 Niezapominajka,"Kiwi, crypsy owocowe"
158,12,2020-12-10,46,three,five,five,"""bardzo smakowa mi sos i misko.sur贸wka to nie"".","Zrazy woowo-wieprzowe z kasz gryczan, buraczki z cebul i olejem",3,5,5,Przedszkole Miejskie nr 12 Niezapominajka,"Zrazy woowo-wieprzowe z kasz gryczan, buraczki z cebul i olejem"
159,22,2020-12-10,48,five,five,five,,"Patki jczmienne na mleku, pieczywo z twaro偶kiem i warzywami oraz z szynk",5,5,5,Przedszkole Miejskie nr 25 im. Kubusia Puchatka,"Patki jczmienne na mleku, pieczywo z twaro偶kiem i warzywami oraz z szynk"
160,22,2020-12-10,NA,five,five,five,,None,5,5,5,Przedszkole Miejskie nr 25 im. Kubusia Puchatka,NA
161,22,2020-12-10,50,five,five,five,,Piecze rzymska z kasz gryczan i sur贸wk z biaej rzodkiewki,5,5,5,Przedszkole Miejskie nr 25 im. Kubusia Puchatka,Piecze rzymska z kasz gryczan i sur贸wk z biaej rzodkiewki
162,22,2020-12-10,51,five,five,five,,Ros贸 z makaronem; mandarynka,5,5,5,Przedszkole Miejskie nr 25 im. Kubusia Puchatka,Ros贸 z makaronem; mandarynka
163,22,2020-12-10,48,five,five,five,,"Patki jczmienne na mleku, pieczywo z twaro偶kiem i warzywami oraz z szynk",5,5,5,Przedszkole Miejskie nr 25 im. Kubusia Puchatka,"Patki jczmienne na mleku, pieczywo z twaro偶kiem i warzywami oraz z szynk"
164,22,2020-12-10,49,five,five,five,,"Kisiel jabkowy do picia, wafle ry偶owe",5,5,5,Przedszkole Miejskie nr 25 im. Kubusia Puchatka,"Kisiel jabkowy do picia, wafle ry偶owe"
165,22,2020-12-10,50,one,two,five,,Piecze rzymska z kasz gryczan i sur贸wk z biaej rzodkiewki,1,2,5,Przedszkole Miejskie nr 25 im. Kubusia Puchatka,Piecze rzymska z kasz gryczan i sur贸wk z biaej rzodkiewki
166,22,2020-12-10,51,five,five,five,,Ros贸 z makaronem; mandarynka,5,5,5,Przedszkole Miejskie nr 25 im. Kubusia Puchatka,Ros贸 z makaronem; mandarynka
167,12,2020-12-10,46,four,four,four,,"Zrazy woowo-wieprzowe z kasz gryczan, buraczki z cebul i olejem",4,4,4,Przedszkole Miejskie nr 12 Niezapominajka,"Zrazy woowo-wieprzowe z kasz gryczan, buraczki z cebul i olejem"
168,12,2020-12-10,45,four,four,five,,"Kiwi, crypsy owocowe",4,4,5,Przedszkole Miejskie nr 12 Niezapominajka,"Kiwi, crypsy owocowe"
169,12,2020-12-10,47,two,three,four,,Krem brokuowy z grzankami czosnkowymi,2,3,4,Przedszkole Miejskie nr 12 Niezapominajka,Krem brokuowy z grzankami czosnkowymi
170,12,2020-12-10,43,two,four,four,,Jogurt naturalny z musem owocowym,2,4,4,Przedszkole Miejskie nr 12 Niezapominajka,Jogurt naturalny z musem owocowym
171,12,2020-12-10,42,four,four,four,bez pomidora i zielska m贸wi m贸j syn,"Pieczywo z serem 偶贸tym i warzywami, kakao z mlekiem",4,4,4,Przedszkole Miejskie nr 12 Niezapominajka,"Pieczywo z serem 偶贸tym i warzywami, kakao z mlekiem"
172,12,2020-12-10,42,four,five,five,"bleeeee kieki,pyszne kakako :)","Pieczywo z serem 偶贸tym i warzywami, kakao z mlekiem",4,5,5,Przedszkole Miejskie nr 12 Niezapominajka,"Pieczywo z serem 偶贸tym i warzywami, kakao z mlekiem"
173,12,2020-12-10,43,five,five,five,to ja uwielbiam :),Jogurt naturalny z musem owocowym,5,5,5,Przedszkole Miejskie nr 12 Niezapominajka,Jogurt naturalny z musem owocowym
174,12,2020-12-10,45,five,five,five,,"Kiwi, crypsy owocowe",5,5,5,Przedszkole Miejskie nr 12 Niezapominajka,"Kiwi, crypsy owocowe"
175,12,2020-12-10,47,five,five,five,,Krem brokuowy z grzankami czosnkowymi,5,5,5,Przedszkole Miejskie nr 12 Niezapominajka,Krem brokuowy z grzankami czosnkowymi
176,12,2020-12-10,46,five,five,five,"pyszne,sama bym zjada ;)","Zrazy woowo-wieprzowe z kasz gryczan, buraczki z cebul i olejem",5,5,5,Przedszkole Miejskie nr 12 Niezapominajka,"Zrazy woowo-wieprzowe z kasz gryczan, buraczki z cebul i olejem"
177,22,2020-12-10,48,four,five,five,,"Patki jczmienne na mleku, pieczywo z twaro偶kiem i warzywami oraz z szynk",4,5,5,Przedszkole Miejskie nr 25 im. Kubusia Puchatka,"Patki jczmienne na mleku, pieczywo z twaro偶kiem i warzywami oraz z szynk"
178,22,2020-12-10,49,five,five,five,Nie pojawiaj si zdjcia potraw,"Kisiel jabkowy do picia, wafle ry偶owe",5,5,5,Przedszkole Miejskie nr 25 im. Kubusia Puchatka,"Kisiel jabkowy do picia, wafle ry偶owe"
179,22,2020-12-10,50,five,five,five,,Piecze rzymska z kasz gryczan i sur贸wk z biaej rzodkiewki,5,5,5,Przedszkole Miejskie nr 25 im. Kubusia Puchatka,Piecze rzymska z kasz gryczan i sur贸wk z biaej rzodkiewki
180,22,2020-12-10,51,five,five,five,,Ros贸 z makaronem; mandarynka,5,5,5,Przedszkole Miejskie nr 25 im. Kubusia Puchatka,Ros贸 z makaronem; mandarynka
181,22,2020-12-10,48,four,four,four,,"Patki jczmienne na mleku, pieczywo z twaro偶kiem i warzywami oraz z szynk",4,4,4,Przedszkole Miejskie nr 25 im. Kubusia Puchatka,"Patki jczmienne na mleku, pieczywo z twaro偶kiem i warzywami oraz z szynk"
182,22,2020-12-10,49,three,three,three,,"Kisiel jabkowy do picia, wafle ry偶owe",3,3,3,Przedszkole Miejskie nr 25 im. Kubusia Puchatka,"Kisiel jabkowy do picia, wafle ry偶owe"
183,22,2020-12-10,50,two,three,three,,Piecze rzymska z kasz gryczan i sur贸wk z biaej rzodkiewki,2,3,3,Przedszkole Miejskie nr 25 im. Kubusia Puchatka,Piecze rzymska z kasz gryczan i sur贸wk z biaej rzodkiewki
184,22,2020-12-10,51,four,four,four,,Ros贸 z makaronem; mandarynka,4,4,4,Przedszkole Miejskie nr 25 im. Kubusia Puchatka,Ros贸 z makaronem; mandarynka
185,12,2020-12-11,NA,five,five,five,,None,5,5,5,Przedszkole Miejskie nr 12 Niezapominajka,NA
186,NA,NA,NA,NA,NA,NA,,None,NA,NA,NA,NA,NA
187,22,2020-12-10,48,four,five,five,,"Patki jczmienne na mleku, pieczywo z twaro偶kiem i warzywami oraz z szynk",4,5,5,Przedszkole Miejskie nr 25 im. Kubusia Puchatka,"Patki jczmienne na mleku, pieczywo z twaro偶kiem i warzywami oraz z szynk"
188,22,2020-12-10,49,three,five,five,,"Kisiel jabkowy do picia, wafle ry偶owe",3,5,5,Przedszkole Miejskie nr 25 im. Kubusia Puchatka,"Kisiel jabkowy do picia, wafle ry偶owe"
189,22,2020-12-10,50,two,four,five,,Piecze rzymska z kasz gryczan i sur贸wk z biaej rzodkiewki,2,4,5,Przedszkole Miejskie nr 25 im. Kubusia Puchatka,Piecze rzymska z kasz gryczan i sur贸wk z biaej rzodkiewki
190,22,2020-12-10,51,five,five,five,,Ros贸 z makaronem; mandarynka,5,5,5,Przedszkole Miejskie nr 25 im. Kubusia Puchatka,Ros贸 z makaronem; mandarynka
191,22,2020-12-11,57,one,five,five,,"Patki kukurydziane na mleku, pieczywo z gotowan piersi z indyka, warzywa",1,5,5,Przedszkole Miejskie nr 25 im. Kubusia Puchatka,"Patki kukurydziane na mleku, pieczywo z gotowan piersi z indyka, warzywa"
192,22,2020-12-11,58,five,five,five,,"Gruszka, jabko",5,5,5,Przedszkole Miejskie nr 25 im. Kubusia Puchatka,"Gruszka, jabko"
193,22,2020-12-11,59,two,four,five,,"呕urek z jajkiem i kiebas, chleb pszenno-偶ytni",2,4,5,Przedszkole Miejskie nr 25 im. Kubusia Puchatka,"呕urek z jajkiem i kiebas, chleb pszenno-偶ytni"
194,22,2020-12-11,57,five,five,five,"Smakowao, ale bez pomidora :)","Patki kukurydziane na mleku, pieczywo z gotowan piersi z indyka, warzywa",5,5,5,Przedszkole Miejskie nr 25 im. Kubusia Puchatka,"Patki kukurydziane na mleku, pieczywo z gotowan piersi z indyka, warzywa"
195,22,2020-12-11,58,five,five,five,uwielbiam obrane gruszeczki i jabuszka,"Gruszka, jabko",5,5,5,Przedszkole Miejskie nr 25 im. Kubusia Puchatka,"Gruszka, jabko"
196,22,2020-12-11,59,three,four,four,"barszczyk by nie pyszny, zjadem jajeczko i chlebek","呕urek z jajkiem i kiebas, chleb pszenno-偶ytni",3,4,4,Przedszkole Miejskie nr 25 im. Kubusia Puchatka,"呕urek z jajkiem i kiebas, chleb pszenno-偶ytni"
198,22,2020-12-11,57,five,five,five,,"Patki kukurydziane na mleku, pieczywo z gotowan piersi z indyka, warzywa",5,5,5,Przedszkole Miejskie nr 25 im. Kubusia Puchatka,"Patki kukurydziane na mleku, pieczywo z gotowan piersi z indyka, warzywa"
199,22,2020-12-11,58,five,five,five,"Zjadem wszystko jablko, gruszke i jeszcze mandarynke bo byla","Gruszka, jabko",5,5,5,Przedszkole Miejskie nr 25 im. Kubusia Puchatka,"Gruszka, jabko"
200,22,2020-12-11,59,five,five,five,"Zjadlem prawie wszystko, ale Zosia to zjadla caly talerz wiesz Mama?:)","呕urek z jajkiem i kiebas, chleb pszenno-偶ytni",5,5,5,Przedszkole Miejskie nr 25 im. Kubusia Puchatka,"呕urek z jajkiem i kiebas, chleb pszenno-偶ytni"
201,22,2020-12-11,60,five,five,five,,"Kotlet rybny z sandacza z ziemniakami, sur贸wka z biaej kapusty i marchwii",5,5,5,Przedszkole Miejskie nr 25 im. Kubusia Puchatka,"Kotlet rybny z sandacza z ziemniakami, sur贸wka z biaej kapusty i marchwii"
202,12,2020-12-11,52,three,four,four,bez zielska dalej  w meni,"Pieczywo z twarogiem na sodko i z twarogiem z warzywami, kawa z mlekiem",3,4,4,Przedszkole Miejskie nr 12 Niezapominajka,"Pieczywo z twarogiem na sodko i z twarogiem z warzywami, kawa z mlekiem"
203,12,2020-12-11,53,one,four,four,,Koktajl truskawkowo-bananowy,1,4,4,Przedszkole Miejskie nr 12 Niezapominajka,Koktajl truskawkowo-bananowy
204,12,2020-12-11,54,one,four,four,z tego zestawu tylko chleb zjad m贸j syn,Zupa pomidorowa z brzowym ry偶em i bazyli,1,4,4,Przedszkole Miejskie nr 12 Niezapominajka,Zupa pomidorowa z brzowym ry偶em i bazyli
205,12,2020-12-11,56,four,four,four,adnie wyglda,Pomaracza,4,4,4,Przedszkole Miejskie nr 12 Niezapominajka,Pomaracza
206,12,2020-12-11,55,three,four,four,,"Pulpety  z ososia w sosie koperkowym z ziemniakami, sur贸wka z czerwonej i biaej kapusty",3,4,4,Przedszkole Miejskie nr 12 Niezapominajka,"Pulpety  z ososia w sosie koperkowym z ziemniakami, sur贸wka z czerwonej i biaej kapusty"
207,12,2020-12-11,52,five,five,five,kawka i pieczywko najlepsze :),"Pieczywo z twarogiem na sodko i z twarogiem z warzywami, kawa z mlekiem",5,5,5,Przedszkole Miejskie nr 12 Niezapominajka,"Pieczywo z twarogiem na sodko i z twarogiem z warzywami, kawa z mlekiem"
208,12,2020-12-11,53,five,five,five,m贸j ulubiony,Koktajl truskawkowo-bananowy,5,5,5,Przedszkole Miejskie nr 12 Niezapominajka,Koktajl truskawkowo-bananowy
209,12,2020-12-11,54,five,five,five,,Zupa pomidorowa z brzowym ry偶em i bazyli,5,5,5,Przedszkole Miejskie nr 12 Niezapominajka,Zupa pomidorowa z brzowym ry偶em i bazyli
210,12,2020-12-11,55,five,five,five,,"Pulpety  z ososia w sosie koperkowym z ziemniakami, sur贸wka z czerwonej i biaej kapusty",5,5,5,Przedszkole Miejskie nr 12 Niezapominajka,"Pulpety  z ososia w sosie koperkowym z ziemniakami, sur贸wka z czerwonej i biaej kapusty"
211,12,2020-12-11,56,five,five,five,,Pomaracza,5,5,5,Przedszkole Miejskie nr 12 Niezapominajka,Pomaracza
212,NA,NA,NA,NA,NA,NA,,None,NA,NA,NA,NA,NA
213,12,2020-12-11,54,five,five,five,najbardziej dzi smakowaa,Zupa pomidorowa z brzowym ry偶em i bazyli,5,5,5,Przedszkole Miejskie nr 12 Niezapominajka,Zupa pomidorowa z brzowym ry偶em i bazyli
214,12,2020-12-11,52,four,five,five,"bardzo apetyczne, podoba mi si 偶e s zdjcia","Pieczywo z twarogiem na sodko i z twarogiem z warzywami, kawa z mlekiem",4,5,5,Przedszkole Miejskie nr 12 Niezapominajka,"Pieczywo z twarogiem na sodko i z twarogiem z warzywami, kawa z mlekiem"
215,12,2020-12-11,53,five,five,five,"""bardzo pyszny. mo偶e ugotujesz mi taki koktajl w domu""",Koktajl truskawkowo-bananowy,5,5,5,Przedszkole Miejskie nr 12 Niezapominajka,Koktajl truskawkowo-bananowy
216,12,2020-12-11,55,five,five,five,"""wszystko zjadam tylko sur贸wk nie.wszystko zjadam z miska""","Pulpety  z ososia w sosie koperkowym z ziemniakami, sur贸wka z czerwonej i biaej kapusty",5,5,5,Przedszkole Miejskie nr 12 Niezapominajka,"Pulpety  z ososia w sosie koperkowym z ziemniakami, sur贸wka z czerwonej i biaej kapusty"
217,12,2020-12-11,56,five,five,five,,Pomaracza,5,5,5,Przedszkole Miejskie nr 12 Niezapominajka,Pomaracza
218,22,2020-12-11,57,five,five,five,,"Patki kukurydziane na mleku, pieczywo z gotowan piersi z indyka, warzywa",5,5,5,Przedszkole Miejskie nr 25 im. Kubusia Puchatka,"Patki kukurydziane na mleku, pieczywo z gotowan piersi z indyka, warzywa"
219,22,2020-12-11,60,five,five,five,,"Kotlet rybny z sandacza z ziemniakami, sur贸wka z biaej kapusty i marchwii",5,5,5,Przedszkole Miejskie nr 25 im. Kubusia Puchatka,"Kotlet rybny z sandacza z ziemniakami, sur贸wka z biaej kapusty i marchwii"
220,22,2020-12-11,58,five,five,five,,"Gruszka, jabko",5,5,5,Przedszkole Miejskie nr 25 im. Kubusia Puchatka,"Gruszka, jabko"
221,NA,NA,NA,NA,NA,NA,,None,NA,NA,NA,NA,NA
222,22,2020-12-11,59,three,three,two,,"呕urek z jajkiem i kiebas, chleb pszenno-偶ytni",3,3,2,Przedszkole Miejskie nr 25 im. Kubusia Puchatka,"呕urek z jajkiem i kiebas, chleb pszenno-偶ytni"
