Group Ordering,Lead Author,Year Published,Food Item,GHG (g CO2 equiv/g protein),LU (m^2/g protein),EU (kj/g protein),Acidification Potential (g SO2 equiv/g protein),Eutrophication Potential (g PO4 equiv/g protein),GHG (g CO2 equiv/serving),LU (m^2/serving),EU (kj/serving),Acidification Potential (g SO2 equiv/serving),Eutrophication Potential (g PO4 equiv/serving),GHG (g CO2 equiv/gram),LU (m^2/kg),EU (kj/gram),Acidification Potential (g SO2 equiv/gram),Eutrophication Potential (g PO4 equiv/gram)
Dairy,Arsenault,2008,Milk,3.09E+01,8.22E-02,1.55E+02,3.49E-01,1.05E-01,2.39E+02,6.35E-01,1.19E+03,2.70E+00,8.11E-01,9.74E-01,2.59E-03,4.87E+00,1.10E-02,3.31E-03
Dairy,Arsenault,2008,Milk,3.17E+01,8.98E-02,1.58E+02,3.05E-01,1.01E-01,2.45E+02,6.93E-01,1.22E+03,2.35E+00,7.77E-01,9.98E-01,2.83E-03,4.99E+00,9.60E-03,3.17E-03
Dairy,Basset-Mens,2009,Milk,2.05E+01,2.35E-02,1.75E+01,1.22E-01,5.05E-02,1.58E+02,1.81E-01,1.35E+02,9.43E-01,3.90E-01,6.46E-01,7.40E-04,5.50E-01,3.85E-03,1.59E-03
Dairy,Basset-Mens,2009,Milk,2.39E+01,2.29E-02,4.92E+01,1.83E-01,7.56E-02,1.85E+02,1.76E-01,3.80E+02,1.42E+00,5.83E-01,7.54E-01,7.20E-04,1.55E+00,5.78E-03,2.38E-03
Dairy,Basset-Mens,2009,Milk,2.42E+01,2.54E-02,3.59E+01,2.14E-01,7.94E-02,1.87E+02,1.96E-01,2.77E+02,1.65E+00,6.13E-01,7.62E-01,8.00E-04,1.13E+00,6.74E-03,2.50E-03
Dairy,Casey,2005,Milk,4.76E+01,,,,,3.68E+02,,,,,1.50E+00,,,,
Dairy,Cederberg,2000,Milk,3.02E+01,1.10E-01,7.97E+01,5.02E-01,,2.33E+02,8.49E-01,6.15E+02,3.87E+00,,9.50E-01,3.46E-03,2.51E+00,1.58E-02,
Dairy,Cederberg,2000,Milk,3.49E+01,6.11E-02,1.13E+02,5.71E-01,,2.70E+02,4.72E-01,8.70E+02,4.41E+00,,1.10E+00,1.93E-03,3.55E+00,1.80E-02,
Dairy,Cederberg,2004,Milk,2.85E+01,4.89E-02,8.22E+01,,,2.20E+02,3.77E-01,6.35E+02,,,8.96E-01,1.54E-03,2.59E+00,,
Dairy,Cederberg,2004,Milk,2.98E+01,9.30E-02,6.67E+01,,,2.30E+02,7.18E-01,5.15E+02,,,9.38E-01,2.93E-03,2.10E+00,,
Dairy,Cederberg,2004,Milk,3.29E+01,6.10E-02,8.67E+01,,,2.54E+02,4.70E-01,6.69E+02,,,1.04E+00,1.92E-03,2.73E+00,,
Dairy,Cederberg,2009,Milk,3.24E+01,,,,,2.50E+02,,,,,1.02E+00,,,,
Dairy,Cederberg,2009,Milk,4.03E+01,,,,,3.11E+02,,,,,1.27E+00,,,,
Dairy,Daneshi,2014,Milk,4.76E+01,,,,,3.85E+02,,,,,1.57E+00,,,,
Dairy,deLeis,2013,Milk,1.62E+01,,,,,1.31E+02,,,,,5.35E-01,,,,
Dairy,deLeis,2013,Milk,2.24E+01,,,,,1.81E+02,,,,,7.38E-01,,,,
Dairy,deLeis,2013,Milk,2.36E+01,,,,,1.91E+02,,,,,7.78E-01,,,,
Dairy,Djekic,2014,Milk,4.63E+01,,,4.68E-01,2.06E-01,3.58E+02,,,3.61E+00,1.59E+00,1.46E+00,,,1.48E-02,6.50E-03
Dairy,Gonzalez-Garcia,2013,Milk,5.52E+01,,3.83E+02,9.93E-01,2.99E-01,4.26E+02,,2.95E+03,7.66E+00,2.31E+00,1.74E+00,,1.21E+01,3.13E-02,9.43E-03
Dairy,Guerci,2013,Milk,1.75E+01,5.17E-02,2.92E+01,2.36E-01,1.46E-01,1.35E+02,3.99E-01,2.25E+02,1.82E+00,1.13E+00,5.50E-01,1.63E-03,9.20E-01,7.44E-03,4.61E-03
Dairy,Guerci,2013,Milk,3.49E+01,5.14E-02,8.10E+01,4.65E-01,2.02E-01,2.70E+02,3.97E-01,6.25E+02,3.59E+00,1.56E+00,1.10E+00,1.62E-03,2.55E+00,1.47E-02,6.37E-03
Dairy,Guerci,2013,Milk,3.56E+01,2.16E-02,7.62E+01,4.83E-01,1.86E-01,2.74E+02,1.67E-01,5.88E+02,3.73E+00,1.43E+00,1.12E+00,6.80E-04,2.40E+00,1.52E-02,5.85E-03
Dairy,Guerci,2013,Milk,3.75E+01,2.86E-02,1.07E+02,4.95E-01,1.97E-01,2.89E+02,2.21E-01,8.26E+02,3.82E+00,1.52E+00,1.18E+00,9.00E-04,3.37E+00,1.56E-02,6.22E-03
Dairy,Guerci,2013,Milk,4.03E+01,3.40E-02,9.40E+01,5.10E-01,2.38E-01,3.11E+02,2.62E-01,7.25E+02,3.94E+00,1.84E+00,1.27E+00,1.07E-03,2.96E+00,1.61E-02,7.50E-03
Dairy,Guerci,2013,Milk,4.19E+01,3.40E-02,1.18E+02,5.73E-01,2.44E-01,3.23E+02,2.62E-01,9.09E+02,4.42E+00,1.88E+00,1.32E+00,1.07E-03,3.71E+00,1.81E-02,7.69E-03
Dairy,Guerci,2013,Milk,4.32E+01,4.25E-02,1.30E+02,5.49E-01,2.24E-01,3.33E+02,3.28E-01,1.00E+03,4.23E+00,1.73E+00,1.36E+00,1.34E-03,4.09E+00,1.73E-02,7.06E-03
Dairy,Guerci,2013,Milk,4.54E+01,5.94E-02,9.11E+01,5.32E-01,2.40E-01,3.50E+02,4.58E-01,7.03E+02,4.10E+00,1.85E+00,1.43E+00,1.87E-03,2.87E+00,1.68E-02,7.56E-03
Dairy,Guerci,2013,Milk,4.67E+01,3.46E-02,1.31E+02,5.90E-01,2.44E-01,3.60E+02,2.67E-01,1.01E+03,4.55E+00,1.89E+00,1.47E+00,1.09E-03,4.12E+00,1.86E-02,7.70E-03
Dairy,Guerci,2013,Milk,4.98E+01,4.13E-02,9.78E+01,5.95E-01,2.91E-01,3.85E+02,3.19E-01,7.55E+02,4.59E+00,2.25E+00,1.57E+00,1.30E-03,3.08E+00,1.87E-02,9.17E-03
Dairy,Guerci,2013,Milk,5.27E+01,4.54E-02,1.68E+02,6.10E-01,2.47E-01,4.07E+02,3.50E-01,1.30E+03,4.71E+00,1.91E+00,1.66E+00,1.43E-03,5.29E+00,1.92E-02,7.78E-03
Dairy,Guerci,2013,Milk,6.06E+01,3.33E-02,1.18E+02,8.14E-01,3.53E-01,4.68E+02,2.57E-01,9.14E+02,6.28E+00,2.72E+00,1.91E+00,1.05E-03,3.73E+00,2.56E-02,1.11E-02
Dairy,Haas,2001,Milk,3.17E+01,,4.13E+01,3.78E+00,9.90E-01,2.45E+02,,3.19E+02,2.92E+01,7.64E+00,1.00E+00,,1.30E+00,1.19E-01,3.12E-02
Dairy,Haas,2001,Milk,4.13E+01,,3.81E+01,3.40E+00,4.29E-01,3.19E+02,,2.94E+02,2.62E+01,3.31E+00,1.30E+00,,1.20E+00,1.07E-01,1.35E-02
Dairy,Haas,2001,Milk,4.13E+01,,8.57E+01,4.32E+00,1.72E+00,3.19E+02,,6.62E+02,3.33E+01,1.33E+01,1.30E+00,,2.70E+00,1.36E-01,5.42E-02
Dairy,Henricksson,2014,Milk,1.32E+01,5.81E-02,,,,1.02E+02,4.48E-01,,,,4.15E-01,1.83E-03,,,
Dairy,Henricksson,2014,Milk,1.32E+01,4.35E-02,,,,1.02E+02,3.36E-01,,,,4.17E-01,1.37E-03,,,
Dairy,Henricksson,2014,Milk,1.36E+01,6.51E-02,,,,1.05E+02,5.02E-01,,,,4.29E-01,2.05E-03,,,
Dairy,Henricksson,2014,Milk,1.39E+01,4.29E-02,,,,1.07E+02,3.31E-01,,,,4.37E-01,1.35E-03,,,
Dairy,Henricksson,2014,Milk,1.40E+01,4.76E-02,,,,1.08E+02,3.68E-01,,,,4.42E-01,1.50E-03,,,
Dairy,Henricksson,2014,Milk,1.41E+01,4.63E-02,,,,1.09E+02,3.58E-01,,,,4.43E-01,1.46E-03,,,
Dairy,Henricksson,2014,Milk,1.47E+01,5.37E-02,,,,1.13E+02,4.14E-01,,,,4.63E-01,1.69E-03,,,
Dairy,Henricksson,2014,Milk,1.50E+01,5.33E-02,,,,1.16E+02,4.12E-01,,,,4.73E-01,1.68E-03,,,
Dairy,Henricksson,2014,Milk,1.69E+01,4.79E-02,,,,1.30E+02,3.70E-01,,,,5.31E-01,1.51E-03,,,
Dairy,Henricksson,2014,Milk,1.75E+01,4.67E-02,,,,1.35E+02,3.60E-01,,,,5.52E-01,1.47E-03,,,
Dairy,Hortenhuber,2010,Milk,2.47E+01,,,,,1.99E+02,,,,,8.11E-01,,,,
Dairy,Hortenhuber,2010,Milk,2.72E+01,,,,,2.19E+02,,,,,8.94E-01,,,,
Dairy,Hortenhuber,2010,Milk,2.75E+01,,,,,2.22E+02,,,,,9.04E-01,,,,
Dairy,Hortenhuber,2010,Milk,2.87E+01,,,,,2.31E+02,,,,,9.42E-01,,,,
Dairy,Hortenhuber,2010,Milk,3.08E+01,,,,,2.48E+02,,,,,1.01E+00,,,,
Dairy,Hortenhuber,2010,Milk,3.11E+01,,,,,2.51E+02,,,,,1.02E+00,,,,
Dairy,Hortenhuber,2010,Milk,3.13E+01,,,,,2.52E+02,,,,,1.03E+00,,,,
Dairy,Hortenhuber,2010,Milk,3.56E+01,,,,,2.86E+02,,,,,1.17E+00,,,,
Dairy,Lindelauf,2009,Milk,2.91E+01,1.02E-03,3.71E+01,,,2.25E+02,7.84E-03,2.87E+02,,,9.17E-01,3.20E-03,1.17E+00,,
Dairy,Lindelauf,2009,Milk,3.29E+01,1.17E-03,4.83E+01,,,2.54E+02,9.07E-03,3.72E+02,,,1.04E+00,3.70E-03,1.52E+00,,
Dairy,Lindelauf,2009,Milk,3.43E+01,9.84E-04,4.19E+01,,,2.65E+02,7.60E-03,3.23E+02,,,1.08E+00,3.10E-03,1.32E+00,,
Dairy,Lindelauf,2009,Milk,3.72E+01,1.21E-03,3.81E+01,,,2.87E+02,9.31E-03,2.94E+02,,,1.17E+00,3.80E-03,1.20E+00,,
Dairy,Lovett,2008,Milk,2.44E+01,,,,,1.96E+02,,,,,8.02E-01,,,,
Dairy,Lovett,2008,Milk,2.68E+01,,,,,2.16E+02,,,,,8.81E-01,,,,
Dairy,Lovett,2008,Milk,2.74E+01,,,,,2.20E+02,,,,,8.99E-01,,,,
Dairy,Lovett,2008,Milk,2.99E+01,,,,,2.41E+02,,,,,9.83E-01,,,,
Dairy,Obrien,2012,Milk,2.78E+01,2.31E-02,7.30E+01,2.19E-01,1.08E-01,2.14E+02,1.78E-01,5.64E+02,1.69E+00,8.33E-01,8.74E-01,7.28E-04,2.30E+00,6.90E-03,3.40E-03
Dairy,Obrien,2012,Milk,3.26E+01,2.96E-02,1.24E+02,3.78E-01,1.46E-01,2.52E+02,2.29E-01,9.56E+02,2.92E+00,1.13E+00,1.03E+00,9.33E-04,3.90E+00,1.19E-02,4.60E-03
Dairy,Obrien,2014,Milk,2.29E+01,,,,,1.85E+02,,,,,7.57E-01,,,,
Dairy,Obrien,2014,Milk,2.47E+01,,,,,2.00E+02,,,,,8.15E-01,,,,
Dairy,Obrien,2014,Milk,2.72E+01,,,,,2.20E+02,,,,,8.98E-01,,,,
Dairy,Obrien,2014,Milk,3.36E+01,,,,,2.72E+02,,,,,1.11E+00,,,,
Dairy,Olesen,2006,Milk,3.45E+01,,,,,2.78E+02,,,,,1.13E+00,,,,
Dairy,Olesen,2006,Milk,4.15E+01,,,,,3.35E+02,,,,,1.37E+00,,,,
Dairy,Olesen,2006,Milk,4.18E+01,,,,,3.37E+02,,,,,1.37E+00,,,,
Dairy,Olesen,2006,Milk,4.22E+01,,,,,3.39E+02,,,,,1.39E+00,,,,
Dairy,Olesen,2006,Milk,4.30E+01,,,,,3.46E+02,,,,,1.41E+00,,,,
Dairy,Olesen,2006,Milk,4.40E+01,,,,,3.55E+02,,,,,1.45E+00,,,,
Dairy,Olesen,2006,Milk,4.40E+01,,,,,3.54E+02,,,,,1.44E+00,,,,
Dairy,Olesen,2006,Milk,4.41E+01,,,,,3.55E+02,,,,,1.45E+00,,,,
Dairy,Olesen,2006,Milk,4.51E+01,,,,,3.63E+02,,,,,1.48E+00,,,,
Dairy,Olesen,2006,Milk,4.71E+01,,,,,3.79E+02,,,,,1.55E+00,,,,
Dairy,Olesen,2006,Milk,4.71E+01,,,,,3.79E+02,,,,,1.55E+00,,,,
Dairy,Olesen,2006,Milk,4.95E+01,,,,,3.99E+02,,,,,1.63E+00,,,,
Dairy,Olesen,2006,Milk,5.01E+01,,,,,4.04E+02,,,,,1.65E+00,,,,
Dairy,Olesen,2006,Milk,5.06E+01,,,,,4.07E+02,,,,,1.66E+00,,,,
Dairy,Olesen,2006,Milk,5.84E+01,,,,,4.70E+02,,,,,1.92E+00,,,,
Dairy,Phetteplace,2001,Milk,3.30E+01,,,,,2.67E+02,,,,,1.09E+00,,,,
Dairy,Roer,2013,Milk,4.67E+01,5.08E-02,,6.29E-01,,3.60E+02,3.92E-01,,4.85E+00,,1.47E+00,1.60E-03,,1.98E-02,
Dairy,Roer,2013,Milk,4.89E+01,6.54E-02,,6.86E-01,,3.77E+02,5.05E-01,,5.29E+00,,1.54E+00,2.06E-03,,2.16E-02,
Dairy,Roer,2013,Milk,5.05E+01,6.35E-02,,7.02E-02,,3.90E+02,4.90E-01,,5.41E-01,,1.59E+00,2.00E-03,,2.21E-03,
Dairy,Ross,2014,Milk,2.75E+01,4.29E-02,,,,2.12E+02,3.31E-01,,,,8.66E-01,1.35E-03,,,
Dairy,Ross,2014,Milk,3.06E+01,4.79E-02,,,,2.36E+02,3.70E-01,,,,9.63E-01,1.51E-03,,,
Dairy,Ross,2014,Milk,3.30E+01,3.84E-02,,,,2.55E+02,2.96E-01,,,,1.04E+00,1.21E-03,,,
Dairy,Ross,2014,Milk,3.61E+01,4.41E-02,,,,2.78E+02,3.41E-01,,,,1.14E+00,1.39E-03,,,
Dairy,Schils,2005,Milk,2.00E+01,,,,,1.54E+02,,,,,6.30E-01,,,,
Dairy,Schils,2005,Milk,2.22E+01,,,,,1.72E+02,,,,,7.00E-01,,,,
Dairy,Sheane,2011,Milk,3.49E+01,,,,,2.82E+02,,,,,1.15E+00,,,,
Dairy,Thoma,2013,Milk,3.90E+01,,,,,3.01E+02,,,,,1.23E+00,,,,
Dairy,Thomassen,2008,Milk,4.44E+01,4.13E-02,1.59E+02,3.02E-01,3.49E+00,3.43E+02,3.19E-01,1.23E+03,2.33E+00,2.70E+01,1.40E+00,1.30E-03,5.00E+00,9.50E-03,1.10E-01
Dairy,Thomassen,2008,Milk,4.76E+01,5.71E-02,9.84E+01,3.43E-01,2.22E+00,3.68E+02,4.41E-01,7.60E+02,2.65E+00,1.72E+01,1.50E+00,1.80E-03,3.10E+00,1.08E-02,7.00E-02
Dairy,van Middelaar,2013,Milk,2.76E+01,,,,,2.22E+02,,,,,9.07E-01,,,,
Dairy,Vergé,2007,Milk,3.08E+01,,,,,2.38E+02,,,,,9.70E-01,,,,
Dairy,Vergé,2007,Milk,3.08E+01,,,,,2.38E+02,,,,,9.70E-01,,,,
Dairy,Vergé,2007,Milk,3.11E+01,,,,,2.40E+02,,,,,9.80E-01,,,,
Dairy,Vergé,2007,Milk,3.33E+01,,,,,2.57E+02,,,,,1.05E+00,,,,
Dairy,Vergé,2007,Milk,3.59E+01,,,,,2.77E+02,,,,,1.13E+00,,,,
Dairy,Weiske,2005,Milk,3.75E+01,,,,,2.89E+02,,,,,1.18E+00,,,,
Dairy,Weiske,2005,Milk,3.97E+01,,,,,3.06E+02,,,,,1.25E+00,,,,
Dairy,Weiske,2005,Milk,4.06E+01,,,,,3.14E+02,,,,,1.28E+00,,,,
Dairy,Weiske,2005,Milk,4.22E+01,,,,,3.26E+02,,,,,1.33E+00,,,,
Dairy,Weiske,2005,Milk,4.22E+01,,,,,3.26E+02,,,,,1.33E+00,,,,
Dairy,Weiske,2005,Milk,4.54E+01,,,,,3.50E+02,,,,,1.43E+00,,,,
Dairy,Weiske,2005,Milk,4.60E+01,,,,,3.55E+02,,,,,1.45E+00,,,,
Dairy,Weiske,2005,Milk,4.70E+01,,,,,3.63E+02,,,,,1.48E+00,,,,
Dairy,Weiske,2005,Milk,4.92E+01,,,,,3.80E+02,,,,,1.55E+00,,,,
Dairy,Weiske,2005,Milk,5.05E+01,,,,,3.90E+02,,,,,1.59E+00,,,,
Dairy,Weiske,2005,Milk,5.40E+01,,,,,4.17E+02,,,,,1.70E+00,,,,
Dairy,Weiske,2005,Milk,7.30E+01,,,,,5.64E+02,,,,,2.30E+00,,,,
Dairy,Williams,2006,Milk,3.11E+01,3.75E-02,7.49E+01,5.21E-01,1.94E-01,2.40E+02,2.89E-01,5.78E+02,4.02E+00,1.49E+00,9.80E-01,1.18E-03,2.36E+00,1.64E-02,6.10E-03
Dairy,Williams,2006,Milk,3.24E+01,3.62E-02,7.68E+01,5.05E-01,1.90E-01,2.50E+02,2.79E-01,5.93E+02,3.90E+00,1.47E+00,1.02E+00,1.14E-03,2.42E+00,1.59E-02,6.00E-03
Dairy,Williams,2006,Milk,3.27E+01,3.84E-02,7.43E+01,5.05E-01,2.06E-01,2.52E+02,2.96E-01,5.73E+02,3.90E+00,1.59E+00,1.03E+00,1.21E-03,2.34E+00,1.59E-02,6.50E-03
Dairy,Williams,2006,Milk,3.37E+01,3.78E-02,8.00E+01,5.14E-01,2.00E-01,2.60E+02,2.92E-01,6.17E+02,3.97E+00,1.54E+00,1.06E+00,1.19E-03,2.52E+00,1.62E-02,6.30E-03
Dairy,Williams,2006,Milk,3.90E+01,6.29E-02,4.95E+01,8.38E-01,3.27E-01,3.01E+02,4.85E-01,3.82E+02,6.47E+00,2.52E+00,1.23E+00,1.98E-03,1.56E+00,2.64E-02,1.03E-02
Dairy,Yan,2013,Milk,2.75E+01,,,,,2.12E+02,,,,,8.65E-01,,,,
Dairy,Yan,2013,Milk,3.33E+01,,,,,2.57E+02,,,,,1.05E+00,,,,
Dairy,Djekic,2014,UHT Milk,3.18E+01,,,4.20E-02,1.99E-01,2.46E+02,,,3.24E-01,1.53E+00,1.00E+00,,,1.32E-03,6.26E-03
Dairy,Djekic,2014,Yogurt,3.75E+01,,,4.54E-02,2.00E-01,2.89E+02,,,3.51E-01,1.55E+00,1.18E+00,,,1.43E-03,6.31E-03
Dairy,Gonzalez-Garcia,2013,Yogurt,3.06E+01,1.07E-02,,5.68E-01,,3.68E+02,1.28E-01,,6.83E+00,,1.50E+00,5.22E-04,,2.79E-02,
Dairy,Sheane,2011,Yogurt,3.16E+01,,,,,3.82E+02,,,,,1.56E+00,,,,
Eggs,Cederberg,2009,Eggs,1.11E+01,,,,,7.00E+01,,,,,1.40E+00,,,,
Eggs,Cederberg,2009,Eggs,1.11E+01,,,,,7.00E+01,,,,,1.40E+00,,,,
Eggs,Dekker,2011,Eggs,1.78E+01,2.60E-02,1.65E+02,1.83E-01,,1.12E+02,1.63E-01,1.04E+03,1.15E+00,,2.24E+00,3.26E-03,2.07E+01,2.30E-02,
Eggs,Dekker,2011,Eggs,2.02E+01,5.38E-02,1.66E+02,6.43E-01,,1.27E+02,3.38E-01,1.04E+03,4.04E+00,,2.53E+00,6.76E-03,2.08E+01,8.08E-02,
Eggs,Dekker,2011,Eggs,2.03E+01,5.37E-02,1.62E+02,3.83E-01,,1.27E+02,3.38E-01,1.02E+03,2.41E+00,,2.55E+00,6.75E-03,2.03E+01,4.81E-02,
Eggs,Dekker,2011,Eggs,2.12E+01,2.99E-02,1.79E+02,3.18E-01,,1.33E+02,1.88E-01,1.13E+03,2.00E+00,,2.67E+00,3.75E-03,2.25E+01,4.00E-02,
Eggs,Dekker,2011,Eggs,2.14E+01,2.99E-02,1.85E+02,5.06E-01,,1.34E+02,1.88E-01,1.16E+03,3.18E+00,,2.69E+00,3.75E-03,2.32E+01,6.35E-02,
Eggs,Dekker,2011,Eggs,2.18E+01,3.24E-02,1.84E+02,3.33E-01,,1.37E+02,2.04E-01,1.16E+03,2.09E+00,,2.74E+00,4.07E-03,2.31E+01,4.18E-02,
Eggs,Dekker,2011,Eggs,2.19E+01,3.25E-02,1.89E+02,5.18E-01,,1.38E+02,2.04E-01,1.19E+03,3.25E+00,,2.75E+00,4.08E-03,2.38E+01,6.50E-02,
Eggs,Dekker,2013,Eggs,1.67E+01,4.54E-02,1.27E+02,3.18E-01,,1.05E+02,2.85E-01,8.00E+02,2.00E+00,,2.10E+00,5.70E-03,1.60E+01,4.00E-02,
Eggs,Dekker,2013,Eggs,1.67E+01,3.18E-02,1.11E+02,3.42E-01,,1.05E+02,2.00E-01,7.00E+02,2.15E+00,,2.10E+00,4.00E-03,1.40E+01,4.30E-02,
Eggs,Dekker,2013,Eggs,1.75E+01,4.30E-02,1.27E+02,3.42E-01,,1.10E+02,2.70E-01,8.00E+02,2.15E+00,,2.20E+00,5.40E-03,1.60E+01,4.30E-02,
Eggs,Dekker,2013,Eggs,1.75E+01,4.46E-02,1.27E+02,2.55E-01,,1.10E+02,2.80E-01,8.00E+02,1.60E+00,,2.20E+00,5.60E-03,1.60E+01,3.20E-02,
Eggs,Dekker,2013,Eggs,1.75E+01,4.38E-02,1.27E+02,3.34E-01,,1.10E+02,2.75E-01,8.00E+02,2.10E+00,,2.20E+00,5.50E-03,1.60E+01,4.20E-02,
Eggs,Dekker,2013,Eggs,1.75E+01,5.73E-02,1.35E+02,3.42E-01,,1.10E+02,3.60E-01,8.50E+02,2.15E+00,,2.20E+00,7.20E-03,1.70E+01,4.30E-02,
Eggs,Dekker,2013,Eggs,1.75E+01,6.05E-02,1.43E+02,3.18E-01,,1.10E+02,3.80E-01,9.00E+02,2.00E+00,,2.20E+00,7.60E-03,1.80E+01,4.00E-02,
Eggs,Dekker,2013,Eggs,1.83E+01,5.73E-02,1.43E+02,3.42E-01,,1.15E+02,3.60E-01,9.00E+02,2.15E+00,,2.30E+00,7.20E-03,1.80E+01,4.30E-02,
Eggs,Dekker,2013,Eggs,1.83E+01,5.81E-02,1.43E+02,3.26E-01,,1.15E+02,3.65E-01,9.00E+02,2.05E+00,,2.30E+00,7.30E-03,1.80E+01,4.10E-02,
Eggs,Dekker,2013,Eggs,1.83E+01,6.21E-02,1.43E+02,3.42E-01,,1.15E+02,3.90E-01,9.00E+02,2.15E+00,,2.30E+00,7.80E-03,1.80E+01,4.30E-02,
Eggs,Dekker,2013,Eggs,1.83E+01,5.89E-02,1.51E+02,3.26E-01,,1.15E+02,3.70E-01,9.50E+02,2.05E+00,,2.30E+00,7.40E-03,1.90E+01,4.10E-02,
Eggs,Dekker,2013,Eggs,1.83E+01,5.49E-02,1.43E+02,3.50E-01,,1.15E+02,3.45E-01,9.00E+02,2.20E+00,,2.30E+00,6.90E-03,1.80E+01,4.40E-02,
Eggs,Dekker,2013,Eggs,1.83E+01,5.41E-02,1.43E+02,3.42E-01,,1.15E+02,3.40E-01,9.00E+02,2.15E+00,,2.30E+00,6.80E-03,1.80E+01,4.30E-02,
Eggs,Dekker,2013,Eggs,1.83E+01,5.57E-02,1.43E+02,3.50E-01,,1.15E+02,3.50E-01,9.00E+02,2.20E+00,,2.30E+00,7.00E-03,1.80E+01,4.40E-02,
Eggs,Dekker,2013,Eggs,1.83E+01,5.65E-02,1.43E+02,3.42E-01,,1.15E+02,3.55E-01,9.00E+02,2.15E+00,,2.30E+00,7.10E-03,1.80E+01,4.30E-02,
Eggs,Dekker,2013,Eggs,1.83E+01,5.65E-02,1.43E+02,3.50E-01,,1.15E+02,3.55E-01,9.00E+02,2.20E+00,,2.30E+00,7.10E-03,1.80E+01,4.40E-02,
Eggs,Dekker,2013,Eggs,1.83E+01,5.57E-02,1.43E+02,3.42E-01,,1.15E+02,3.50E-01,9.00E+02,2.15E+00,,2.30E+00,7.00E-03,1.80E+01,4.30E-02,
Eggs,Dekker,2013,Eggs,1.91E+01,5.41E-02,1.43E+02,3.58E-01,,1.20E+02,3.40E-01,9.00E+02,2.25E+00,,2.40E+00,6.80E-03,1.80E+01,4.50E-02,
Eggs,Dekker,2013,Eggs,1.91E+01,5.97E-02,1.51E+02,3.50E-01,,1.20E+02,3.75E-01,9.50E+02,2.20E+00,,2.40E+00,7.50E-03,1.90E+01,4.40E-02,
Eggs,Leinonen,2012,Eggs,2.31E+01,3.18E-02,1.34E+02,4.23E-01,1.47E-01,1.45E+02,2.00E-01,8.44E+02,2.66E+00,9.24E-01,2.90E+00,4.00E-03,1.69E+01,5.31E-02,1.85E-02
Eggs,Leinonen,2012,Eggs,2.70E+01,4.06E-02,1.50E+02,5.11E-01,1.75E-01,1.70E+02,2.55E-01,9.39E+02,3.21E+00,1.10E+00,3.39E+00,5.10E-03,1.88E+01,6.41E-02,2.20E-02
Eggs,Leinonen,2012,Eggs,2.72E+01,1.35E-01,2.10E+02,7.30E-01,2.99E-01,1.71E+02,8.45E-01,1.32E+03,4.58E+00,1.88E+00,3.42E+00,1.69E-02,2.64E+01,9.16E-02,3.76E-02
Eggs,Leinonen,2012,Eggs,2.75E+01,3.34E-02,1.77E+02,4.73E-01,1.62E-01,1.73E+02,2.10E-01,1.11E+03,2.97E+00,1.02E+00,3.45E+00,4.20E-03,2.22E+01,5.94E-02,2.03E-02
Eggs,Leinonen,2013,Eggs,2.30E+01,,,5.36E-01,1.83E-01,1.45E+02,,,3.37E+00,1.15E+00,2.89E+00,,,6.73E-02,2.30E-02
Eggs,Leinonen,2013,Eggs,2.32E+01,,,5.02E-01,1.85E-01,1.46E+02,,,3.16E+00,1.16E+00,2.91E+00,,,6.31E-02,2.32E-02
Eggs,Leinonen,2013,Eggs,2.31E+01,,,5.28E-01,1.85E-01,1.45E+02,,,3.32E+00,1.16E+00,2.90E+00,,,6.63E-02,2.32E-02
Eggs,Leinonen,2013,Eggs,2.33E+01,,,4.88E-01,1.83E-01,1.47E+02,,,3.07E+00,1.15E+00,2.93E+00,,,6.13E-02,2.30E-02
Eggs,Leinonen,2013,Eggs,2.35E+01,,,5.33E-01,1.81E-01,1.48E+02,,,3.35E+00,1.14E+00,2.95E+00,,,6.70E-02,2.27E-02
Eggs,Leinonen,2013,Eggs,2.35E+01,,,5.18E-01,1.83E-01,1.48E+02,,,3.26E+00,1.15E+00,2.95E+00,,,6.51E-02,2.30E-02
Eggs,Leinonen,2013,Eggs,2.36E+01,,,5.16E-01,1.83E-01,1.48E+02,,,3.24E+00,1.15E+00,2.96E+00,,,6.48E-02,2.30E-02
Eggs,Leinonen,2013,Eggs,2.41E+01,,,4.88E-01,1.83E-01,1.52E+02,,,3.07E+00,1.15E+00,3.03E+00,,,6.13E-02,2.30E-02
Eggs,Leinonen,2013,Eggs,2.46E+01,,,5.02E-01,1.85E-01,1.55E+02,,,3.16E+00,1.16E+00,3.09E+00,,,6.31E-02,2.32E-02
Eggs,Leinonen,2013,Eggs,2.50E+01,,,5.28E-01,1.85E-01,1.57E+02,,,3.32E+00,1.16E+00,3.14E+00,,,6.63E-02,2.32E-02
Eggs,Leinonen,2013,Eggs,2.59E+01,,,5.16E-01,1.83E-01,1.63E+02,,,3.24E+00,1.15E+00,3.25E+00,,,6.48E-02,2.30E-02
Eggs,Leinonen,2013,Eggs,2.59E+01,,,5.18E-01,1.83E-01,1.63E+02,,,3.26E+00,1.15E+00,3.25E+00,,,6.51E-02,2.30E-02
Eggs,Leinonen,2013,Eggs,2.60E+01,,,5.36E-01,1.83E-01,1.63E+02,,,3.37E+00,1.15E+00,3.26E+00,,,6.73E-02,2.30E-02
Eggs,Leinonen,2013,Eggs,2.70E+01,,,5.33E-01,1.81E-01,1.70E+02,,,3.35E+00,1.14E+00,3.39E+00,,,6.70E-02,2.27E-02
Eggs,Leinonen,2013,Eggs,2.70E+01,,,4.88E-01,1.83E-01,1.70E+02,,,3.07E+00,1.15E+00,3.39E+00,,,6.13E-02,2.30E-02
Eggs,Leinonen,2013,Eggs,2.70E+01,,,5.02E-01,1.85E-01,1.70E+02,,,3.16E+00,1.16E+00,3.39E+00,,,6.31E-02,2.32E-02
Eggs,Leinonen,2013,Eggs,2.71E+01,,,5.18E-01,1.83E-01,1.71E+02,,,3.26E+00,1.15E+00,3.41E+00,,,6.51E-02,2.30E-02
Eggs,Leinonen,2013,Eggs,2.72E+01,,,5.33E-01,1.81E-01,1.71E+02,,,3.35E+00,1.14E+00,3.42E+00,,,6.70E-02,2.27E-02
Eggs,Leinonen,2013,Eggs,2.72E+01,,,5.16E-01,1.83E-01,1.71E+02,,,3.24E+00,1.15E+00,3.42E+00,,,6.48E-02,2.30E-02
Eggs,Leinonen,2013,Eggs,2.75E+01,,,5.36E-01,1.83E-01,1.73E+02,,,3.37E+00,1.15E+00,3.46E+00,,,6.73E-02,2.30E-02
Eggs,Leinonen,2013,Eggs,2.75E+01,,,5.28E-01,1.85E-01,1.73E+02,,,3.32E+00,1.16E+00,3.46E+00,,,6.63E-02,2.32E-02
Eggs,Mellenhorst,2006,Eggs,3.11E+01,3.58E-02,1.04E+01,2.55E-01,1.90E-01,1.95E+02,2.25E-01,6.50E+01,1.60E+00,1.20E+00,3.90E+00,4.50E-03,1.30E+00,3.20E-02,2.39E-02
Eggs,Mellenhorst,2006,Eggs,3.34E+01,4.06E-02,1.09E+01,3.34E-01,2.67E-01,2.10E+02,2.55E-01,6.85E+01,2.10E+00,1.67E+00,4.20E+00,5.10E-03,1.37E+00,4.20E-02,3.35E-02
Eggs,Mellenhorst,2006,Eggs,3.42E+01,3.82E-02,1.07E+01,4.54E-01,2.36E-01,2.15E+02,2.40E-01,6.70E+01,2.85E+00,1.48E+00,4.30E+00,4.80E-03,1.34E+00,5.70E-02,2.97E-02
Eggs,Mellenhorst,2006,Eggs,3.66E+01,4.54E-02,1.11E+01,5.18E-01,3.12E-01,2.30E+02,2.85E-01,6.95E+01,3.25E+00,1.96E+00,4.60E+00,5.70E-03,1.39E+00,6.50E-02,3.92E-02
Eggs,Pelletier,2013,Eggs,4.00E+01,,,,,1.41E+02,,,,,2.81E+00,,,,
Eggs,Vergé,2009,Eggs,2.30E+01,,,,,1.44E+02,,,,,2.88E+00,,,,
Eggs,Williams,2006,Eggs,4.18E+01,5.02E-02,1.08E+02,2.39E+00,5.97E-01,2.63E+02,3.15E-01,6.80E+02,1.50E+01,3.75E+00,5.25E+00,6.30E-03,1.36E+01,3.00E-01,7.50E-02
Eggs,Williams,2006,Eggs,4.40E+01,5.25E-02,1.12E+02,2.44E+00,6.13E-01,2.77E+02,3.30E-01,7.05E+02,1.53E+01,3.85E+00,5.53E+00,6.60E-03,1.41E+01,3.06E-01,7.70E-02
Eggs,Williams,2006,Eggs,4.92E+01,6.21E-02,1.23E+02,2.48E+00,6.37E-01,3.09E+02,3.90E-01,7.70E+02,1.56E+01,4.00E+00,6.18E+00,7.80E-03,1.54E+01,3.12E-01,8.00E-02
Eggs,Williams,2006,Eggs,5.57E+01,1.18E-01,1.28E+02,2.74E+00,8.12E-01,3.50E+02,7.40E-01,8.05E+02,1.72E+01,5.10E+00,7.00E+00,1.48E-02,1.61E+01,3.44E-01,1.02E-01
Fresh Produce,Graefe,2013,Andean blackberry,1.22E+01,8.30E-02,,,,2.45E+01,1.66E-01,,,,1.70E-01,1.15E-03,,,
Fresh Produce,Alaphilippe,2013,Apples,1.23E+01,9.22E-02,1.68E+02,,,3.08E+00,2.30E-02,4.20E+01,,,2.46E-02,1.84E-04,3.36E-01,,
Fresh Produce,Alaphilippe,2013,Apples,1.33E+01,1.00E-01,1.80E+02,,,3.32E+00,2.50E-02,4.50E+01,,,2.66E-02,2.00E-04,3.60E-01,,
Fresh Produce,Alaphilippe,2013,Apples,1.48E+01,1.12E-01,1.98E+02,,,3.69E+00,2.80E-02,4.96E+01,,,2.95E-02,2.24E-04,3.97E-01,,
Fresh Produce,Alaphilippe,2013,Apples,1.96E+01,1.30E-01,3.31E+02,,,4.89E+00,3.20E-02,8.28E+01,,,3.91E-02,2.56E-04,6.62E-01,,
Fresh Produce,Alaphilippe,2013,Apples,3.24E+01,2.08E-01,1.95E+02,,,8.09E+00,5.20E-02,4.87E+01,,,6.47E-02,4.16E-04,3.90E-01,,
Fresh Produce,Alaphilippe,2013,Apples,3.26E+01,2.10E-01,2.00E+02,,,8.15E+00,5.30E-02,5.00E+01,,,6.52E-02,4.24E-04,4.00E-01,,
Fresh Produce,Canals,2006,Apples,1.54E+01,4.53E-02,,,,3.85E+00,1.10E-02,,,,3.08E-02,8.80E-05,,,
Fresh Produce,Canals,2006,Apples,1.58E+01,4.87E-02,,,,3.94E+00,1.20E-02,,,,3.15E-02,9.60E-05,,,
Fresh Produce,Canals,2006,Apples,2.39E+01,3.18E-02,,,,5.96E+00,8.00E-03,,,,4.77E-02,6.40E-05,,,
Fresh Produce,Canals,2006,Apples,3.65E+01,5.50E-02,,,,9.13E+00,1.40E-02,,,,7.30E-02,1.12E-04,,,
Fresh Produce,Canals,2006,Apples,3.54E+01,5.50E-02,,,,8.85E+00,1.40E-02,,,,7.08E-02,1.12E-04,,,
Fresh Produce,Cerutti,2013,Apples,6.30E+01,9.62E-02,,2.98E-01,,1.58E+01,2.40E-02,,7.45E-02,,1.26E-01,1.92E-04,,5.96E-04,
Fresh Produce,Cerutti,2013,Apples,7.42E+01,1.68E-01,,3.74E-01,,1.86E+01,4.20E-02,,9.34E-02,,1.48E-01,3.36E-04,,7.47E-04,
Fresh Produce,Cerutti,2013,Apples,7.56E+01,1.92E-01,,3.64E-01,,1.89E+01,4.80E-02,,9.09E-02,,1.51E-01,3.84E-04,,7.27E-04,
Fresh Produce,Cerutti,2013,Apples,7.84E+01,1.54E-01,,3.67E-01,,1.96E+01,3.80E-02,,9.17E-02,,1.57E-01,3.04E-04,,7.34E-04,
Fresh Produce,Mouron,2006,Apples,3.19E+01,1.22E-01,4.61E+02,3.11E-01,5.14E-02,7.96E+00,3.10E-02,1.15E+02,7.78E-02,1.29E-02,6.37E-02,2.48E-04,9.21E-01,6.22E-04,1.03E-04
Fresh Produce,Page,2011,Apples,1.52E+02,7.12E-02,,,,3.79E+01,1.80E-02,,,,3.03E-01,1.44E-04,,,
Fresh Produce,Page,2011,Apples,2.02E+02,1.07E-01,,,,5.05E+01,2.70E-02,,,,4.04E-01,2.16E-04,,,
Fresh Produce,Saunders,2008,Apples,2.31E+01,,3.65E+02,,,5.78E+00,,9.13E+01,,,4.62E-02,,7.31E-01,,
Fresh Produce,Saunders,2008,Apples,7.15E+01,,1.14E+03,,,1.79E+01,,2.85E+02,,,1.43E-01,,2.28E+00,,
Fresh Produce,Tamburini,2015,Apples,4.85E+01,9.29E-02,,7.10E-01,2.90E-01,1.21E+01,2.30E-02,,1.78E-01,7.25E-02,9.70E-02,1.84E-04,,1.42E-03,5.80E-04
Fresh Produce,Zafiriou,2012,Asparagus,2.06E+01,4.70E-02,4.70E+01,,,6.08E+01,1.39E-01,1.39E+02,,,4.54E-01,1.04E-03,1.03E+00,,
Fresh Produce,Zafiriou,2012,Asparagus,3.33E+01,6.49E-02,6.49E+01,,,9.82E+01,1.91E-01,1.91E+02,,,7.33E-01,1.43E-03,1.43E+00,,
Fresh Produce,Zafiriou,2012,Asparagus,3.83E+01,4.89E-02,4.89E+01,,,1.13E+02,1.44E-01,1.44E+02,,,8.42E-01,1.07E-03,1.08E+00,,
Fresh Produce,Graefe,2013,avocado,8.32E+00,5.31E-02,,,,2.50E+01,1.59E-01,,,,1.66E-01,1.06E-03,,,
Fresh Produce,Iriarte,2014,Banana,1.93E+01,2.80E-02,,,,3.15E+01,4.60E-02,,,,2.10E-01,3.07E-04,,,
Fresh Produce,Iriarte,2014,Banana,2.20E+01,2.80E-02,,,,3.60E+01,4.60E-02,,,,2.40E-01,3.07E-04,,,
Fresh Produce,Iriarte,2014,Banana,2.39E+01,2.80E-02,,,,3.90E+01,4.60E-02,,,,2.60E-01,3.07E-04,,,
Fresh Produce,Girgenti,2013,Blueberries,1.53E+01,,2.96E+02,,,1.68E+01,,3.24E+02,,,1.13E-01,,2.19E+00,,
Fresh Produce,Tamburini,2015,Chicory,1.92E+01,2.94E-02,,8.00E-02,1.18E-01,9.48E+00,1.50E-02,,3.94E-02,5.83E-02,1.32E-01,2.08E-04,,5.47E-04,8.10E-04
Fresh Produce,Liu,2010,Chinese Pear,1.11E+01,1.33E-01,3.41E+02,,,5.92E+00,7.10E-02,1.82E+02,,,4.00E-02,4.80E-04,1.23E+00,,
Fresh Produce,Liu,2010,Chinese Pear,3.11E+01,1.01E-01,1.02E+02,,,1.66E+01,5.40E-02,5.43E+01,,,1.12E-01,3.65E-04,3.67E-01,,
Fresh Produce,Liu,2010,Chinese Pear,4.14E+01,1.07E-01,6.29E+02,,,2.21E+01,5.70E-02,3.35E+02,,,1.49E-01,3.85E-04,2.26E+00,,
Fresh Produce,Liu,2010,Chinese Pear,5.78E+01,1.21E-01,2.91E+02,,,3.08E+01,6.50E-02,1.55E+02,,,2.08E-01,4.39E-04,1.05E+00,,
Fresh Produce,Liu,2010,Chinese Pear,7.58E+01,6.06E-02,4.79E+02,,,4.04E+01,3.20E-02,2.55E+02,,,2.73E-01,2.16E-04,1.72E+00,,
Fresh Produce,Romero Gamez,2014,Escarole,4.58E+00,,,,,2.87E+00,,,,,3.99E-02,,,,
Fresh Produce,Graefe,2013,golden berry,2.66E+01,5.67E-02,,,,3.37E+01,7.20E-02,,,,2.41E-01,5.14E-04,,,
Fresh Produce,Aguilera,2015,Grapes,2.00E+01,1.94E-01,,,,2.49E+01,2.42E-01,,,,1.62E-01,1.57E-03,,,
Fresh Produce,Aguilera,2015,Grapes,2.14E+01,2.13E-01,,,,2.66E+01,2.66E-01,,,,1.73E-01,1.73E-03,,,
Fresh Produce,Gazulla,2010,Grapes,6.21E+01,,,2.59E-01,3.77E+00,7.74E+01,,,3.23E-01,4.69E+00,5.03E-01,,,2.10E-03,3.05E-02
Fresh Produce,Vasquez-Rowe,2012,Grapes,5.19E+01,1.01E-03,,4.64E-01,1.83E+00,6.47E+01,1.00E-03,,5.78E-01,2.07E-01,4.21E-01,6.50E-06,,3.75E-03,1.35E-03
Fresh Produce,Page,2011,Kiwis,7.19E+01,4.18E-02,,,,1.52E+02,8.90E-02,,,,8.19E-01,4.78E-04,,,
Fresh Produce,de Backer,2008,Leeks,2.90E+00,2.42E-02,,2.55E-02,4.63E-02,3.87E+00,3.20E-02,,3.40E-02,6.18E-02,4.35E-02,3.60E-04,,3.82E-04,6.94E-04
Fresh Produce,de Backer,2008,Leeks,6.29E+00,1.78E-02,,3.00E-02,4.49E-02,8.40E+00,2.40E-02,,4.01E-02,6.00E-02,9.44E-02,2.70E-04,,4.51E-04,6.74E-04
Fresh Produce,Pergola,2013,Lemons,3.96E+00,7.70E-04,2.08E+02,,,9.24E+00,2.00E-03,4.85E+02,,,4.36E-02,9.43E-06,2.29E+00,,
Fresh Produce,Pergola,2013,Lemons,1.19E+01,6.90E-04,2.74E+02,,,2.77E+01,2.00E-03,6.39E+02,,,1.31E-01,9.43E-06,3.01E+00,,
Fresh Produce,Romero Gamez,2014,Lettuce,1.84E+00,,,,,1.80E+00,,,,,2.50E-02,,,,
Fresh Produce,Graefe,2013,lulo,8.73E+01,2.75E-01,,,,4.61E+01,1.45E-01,,,,3.84E-01,1.21E-03,,,
Fresh Produce,Graefe,2013,mango,5.29E+01,1.20E+00,,,,7.16E+00,1.62E-01,,,,5.20E-02,1.18E-03,,,
Fresh Produce,Gunady,2012,Mushrooms,4.50E+01,,,,,1.19E+02,,,,,1.01E+00,,,,
Fresh Produce,Saunders,2008,Onions,3.85E+00,,3.34E+01,,,6.77E+00,,5.87E+01,,,4.23E-02,,3.67E-01,,
Fresh Produce,Saunders,2008,Onions,5.35E+00,,3.88E+01,,,9.42E+00,,6.83E+01,,,5.89E-02,,4.27E-01,,
Fresh Produce,Dwivedi,2012,Oranges,3.00E+01,,,,,4.85E+01,,,,,3.12E-01,,,,
Fresh Produce,Pergola,2013,Oranges,3.85E+00,8.30E-04,2.29E+02,,,6.22E+00,1.00E-03,3.70E+02,,,4.00E-02,6.43E-06,2.38E+00,,
Fresh Produce,Pergola,2013,Oranges,1.25E+01,7.10E-04,2.76E+02,,,2.02E+01,1.00E-03,4.46E+02,,,1.30E-01,6.43E-06,2.87E+00,,
Fresh Produce,Graefe,2013,passion fruit,4.87E+00,2.65E-02,,,,2.53E+01,1.37E-01,,,,1.07E-01,5.81E-04,,,
Fresh Produce,Michos,2008,Peaches,3.75E+00,9.73E-02,,,,5.25E+00,1.36E-01,,,,3.41E-02,8.83E-04,,,
Fresh Produce,Michos,2008,Peaches,1.09E+01,2.29E-02,,,,1.53E+01,3.20E-02,,,,9.95E-02,2.08E-04,,,
Fresh Produce,Michos,2008,Peaches,1.70E+01,3.38E-02,,,,2.38E+01,4.70E-02,,,,1.54E-01,3.05E-04,,,
Fresh Produce,Tamburini,2015,Pear,1.04E+02,9.26E-02,,1.15E+00,3.50E-01,5.57E+01,4.90E-02,,6.11E-01,1.87E-01,3.76E-01,3.31E-04,,4.13E-03,1.26E-03
Fresh Produce,Graefe,2013,Pineapple,1.10E+01,4.85E-03,,,,9.77E+00,4.00E-03,,,,5.92E-02,2.42E-05,,,
Fresh Produce,Ingwersen,2012,Pineapple,2.52E+01,1.94E-02,3.09E+02,,,2.24E+01,1.70E-02,2.75E+02,,5.48E-01,1.36E-01,1.03E-04,1.67E+00,,3.32E-03
Fresh Produce,Girgenti,2013,Raspberries,2.81E+01,,5.50E+02,,,4.14E+01,,8.12E+02,,,3.37E-01,,6.60E+00,,
Fresh Produce,Gunady,2012,Romaine Lettuce,1.49E+02,,,,,1.46E+02,,,,,2.03E+00,,,,
Fresh Produce,Hospido,2008,Romaine Lettuce,1.82E+01,,,,,1.78E+01,,,,,2.48E-01,,,,
Fresh Produce,Hospido,2008,Romaine Lettuce,1.88E+01,,,,,1.84E+01,,,,,2.55E-01,,,,
Fresh Produce,Gunady,2012,Strawberries,9.59E+01,,,,,9.77E+01,,,,,6.42E-01,,,,
Fresh Produce,Khoshovisan,2013,Strawberries,8.73E+01,2.73E-01,,3.82E-01,5.67E-02,8.90E+01,2.78E-01,,3.89E-01,5.78E-02,5.85E-01,1.83E-03,,2.56E-03,3.80E-04
Fresh Produce,Martinez-Blanco,2011,Tomatoes,1.35E+01,6.79E-03,3.43E+02,7.66E-02,2.02E-02,2.47E+01,1.20E-02,6.28E+02,1.40E-01,3.70E-02,1.56E-01,7.59E-05,3.98E+00,8.88E-04,2.34E-04
Fresh Produce,Martinez-Blanco,2011,Tomatoes,2.49E+01,6.79E-03,1.95E+02,1.45E-01,8.78E-02,4.57E+01,1.20E-02,3.57E+02,2.67E-01,1.61E-01,2.89E-01,7.59E-05,2.26E+00,1.69E-03,1.02E-03
Fresh Produce,Page,2012,Tomatoes,2.59E+01,1.44E-02,8.23E+02,,,4.74E+01,2.60E-02,1.51E+03,,,3.00E-01,1.65E-04,9.55E+00,,
Fresh Produce,Tamburini,2015,Tomatoes,5.43E+00,9.80E-03,,2.78E-02,1.94E-02,9.95E+00,1.80E-02,,5.09E-02,3.56E-02,6.30E-02,1.14E-04,,3.22E-04,2.25E-04
Fresh Produce,Graefe,2013,tree tomato,7.86E+01,1.37E-01,,,,4.15E+01,7.20E-02,,,,2.63E-01,4.56E-04,,,
Maize,Kim,2008,Maize,2.70E+00,1.21E-02,2.23E+01,4.03E-02,9.60E-03,7.11E+00,3.20E-02,5.88E+01,1.06E-01,2.52E-02,2.54E-01,1.14E-03,2.10E+00,3.80E-03,9.00E-04
Maize,Kim,2008,Maize,3.07E+00,1.64E-02,2.34E+01,4.78E-02,1.06E-02,8.09E+00,4.30E-02,6.16E+01,1.26E-01,2.80E-02,2.89E-01,1.54E-03,2.20E+00,4.50E-03,1.00E-03
Maize,Kim,2008,Maize,3.93E+00,1.17E-02,3.19E+01,4.56E-02,1.17E-02,1.04E+01,3.10E-02,8.40E+01,1.20E-01,3.08E-02,3.70E-01,1.11E-03,3.00E+00,4.30E-03,1.10E-03
Maize,Kim,2008,Maize,4.42E+00,1.28E-02,2.34E+01,2.87E-02,7.40E-03,1.17E+01,3.40E-02,6.16E+01,7.56E-02,1.96E-02,4.16E-01,1.21E-03,2.20E+00,2.70E-03,7.00E-04
Maize,Kim,2008,Maize,4.13E+00,1.30E-02,2.87E+01,6.90E-02,1.80E-02,1.09E+01,3.40E-02,7.56E+01,1.82E-01,4.76E-02,3.89E-01,1.21E-03,2.70E+00,6.50E-03,1.70E-03
Maize,Kim,2008,Maize,4.26E+00,1.70E-02,3.29E+01,6.79E-02,1.91E-02,1.12E+01,4.50E-02,8.68E+01,1.79E-01,5.04E-02,4.01E-01,1.61E-03,3.10E+00,6.40E-03,1.80E-03
Maize,Kim,2008,Maize,4.69E+00,1.79E-02,3.29E+01,7.22E-02,1.91E-02,1.24E+01,4.70E-02,8.68E+01,1.90E-01,5.04E-02,4.42E-01,1.68E-03,3.10E+00,6.80E-03,1.80E-03
Maize,Kim,2008,Maize,8.76E+00,1.69E-02,3.50E+01,8.28E-02,2.44E-02,2.31E+01,4.50E-02,9.24E+01,2.18E-01,6.44E-02,8.25E-01,1.61E-03,3.30E+00,7.80E-03,2.30E-03
Maize,Pelletier,2008,Maize,2.72E+00,1.56E-02,1.38E+01,5.73E-02,,7.18E+00,4.10E-02,3.64E+01,1.51E-01,,2.56E-01,1.46E-03,1.30E+00,5.40E-03,
Maize,Pelletier,2008,Maize,3.50E+00,1.48E-02,2.55E+01,5.94E-02,,9.24E+00,3.90E-02,6.72E+01,1.57E-01,,3.30E-01,1.39E-03,2.40E+00,5.60E-03,
Maize,Wang,2009,Maize,4.18E+00,1.37E-02,3.98E+01,5.22E-02,7.92E-02,1.10E+01,3.60E-02,1.05E+02,1.38E-01,2.09E-01,3.94E-01,1.29E-03,3.75E+00,4.92E-03,7.46E-03
Maize,Wang,2014,Maize,5.17E+00,1.17E-02,,1.21E-01,2.45E-02,1.36E+01,3.10E-02,,3.19E-01,6.45E-02,4.87E-01,1.11E-03,,1.14E-02,2.30E-03
Maize,Wang,2014,Maize,5.96E+00,1.30E-02,,1.39E-01,2.87E-02,1.57E+01,3.40E-02,,3.66E-01,7.58E-02,5.61E-01,1.21E-03,,1.31E-02,2.71E-03
Non-Recirculating Aquaculture,Bosma,2011,catfish,1.44E+02,,,,,6.14E+02,,,,,2.19E+01,,,,
Non-Recirculating Aquaculture,Iribarren,2010,mussels,2.33E+01,,,,1.98E-02,7.77E+01,,,,0.00E+00,2.78E+00,,,,
Non-Recirculating Aquaculture,Iribarren,2010,mussels,7.03E+01,,,,4.99E-01,2.34E+02,,,,3.00E-03,8.37E+00,,,,1.07E-04
Non-Trawling Fishery,Schau,2009,mussels,1.42E+01,,,,,4.73E+01,,,,,1.69E+00,,,,
Non-Recirculating Aquaculture,Ayer,2009,salmon,1.92E+01,,,,3.22E-01,1.07E+02,,,,1.00E-03,3.81E+00,,,,3.57E-05
Non-Recirculating Aquaculture,Ayer,2009,salmon,2.10E+01,,,,3.57E-01,1.16E+02,,,,1.00E-03,4.16E+00,,,,3.57E-05
Non-Recirculating Aquaculture,Ayer,2009,salmon,2.80E+01,,,,3.02E-01,1.56E+02,,,,1.00E-03,5.56E+00,,,,3.57E-05
Non-Recirculating Aquaculture,Buchspies,2011,salmon,4.55E+01,,,,,2.53E+02,,,,,9.03E+00,,,,
Non-Recirculating Aquaculture,Ellingsen,2009,salmon,2.28E+01,,,,,1.26E+02,,,,,4.52E+00,,,,
Non-Recirculating Aquaculture,Pelletier,2009,salmon,1.81E+01,,,,4.15E-01,1.01E+02,,,,1.00E-03,3.59E+00,,,,3.57E-05
Non-Recirculating Aquaculture,Pelletier,2009,salmon,2.33E+01,,,,5.19E-01,1.29E+02,,,,2.00E-03,4.62E+00,,,,7.14E-05
Non-Recirculating Aquaculture,Pelletier,2009,salmon,2.40E+01,,,,7.58E-01,1.33E+02,,,,3.00E-03,4.76E+00,,,,1.07E-04
Non-Recirculating Aquaculture,Pelletier,2009,salmon,3.31E+01,,,,6.34E-01,1.84E+02,,,,2.00E-03,6.56E+00,,,,7.14E-05
Non-Recirculating Aquaculture,Aubin,2009,sea-bass,3.43E+01,,,,1.04E+00,1.77E+02,,,,7.00E-03,6.31E+00,,,,2.50E-04
Non-Trawling Fishery,Iribarren,2010,sea-bass,2.63E+01,,,,,1.36E+02,,,,,4.84E+00,,,,
Non-Recirculating Aquaculture,Jerbi,2012,sea-bass,1.05E+02,,,,1.71E-02,5.44E+02,,,,0.00E+00,1.94E+01,,,,
Non-Recirculating Aquaculture,Jerbi,2012,sea-bass,1.66E+02,,,,2.05E-02,8.57E+02,,,,0.00E+00,3.06E+01,,,,
Non-Recirculating Aquaculture,Cao,2011,shrimp,4.39E+01,,,,5.16E-01,1.67E+02,,,,5.00E-03,5.98E+00,,,,1.79E-04
Non-Recirculating Aquaculture,Cao,2011,shrimp,8.43E+01,,,,1.01E+00,3.21E+02,,,,1.00E-02,1.15E+01,,,,3.57E-04
Non-Recirculating Aquaculture,Phong,2011,tilapia,7.99E+01,,,,,4.49E+02,,,,,1.61E+01,,,,
Non-Recirculating Aquaculture,Aubin,2009,trout,2.28E+01,,,,5.46E-01,1.27E+02,,,,2.00E-03,4.55E+00,,,,7.14E-05
Recirculating Aquaculture,d'Orbcastel,2009,trout,1.33E+01,,,,1.48E-01,7.41E+01,,,,1.00E-03,2.65E+00,,,,3.57E-05
Non-Recirculating Aquaculture,d'Orbcastel,2009,trout,1.67E+01,,,,2.36E-01,9.32E+01,,,,1.00E-03,3.33E+00,,,,3.57E-05
Non-Recirculating Aquaculture,d'Orbcastel,2009,trout,1.69E+01,,,,1.75E-01,9.45E+01,,,,1.00E-03,3.38E+00,,,,3.57E-05
Non-Recirculating Aquaculture,Gronroos,2006,trout,6.01E+00,,,,5.58E-01,3.36E+01,,,,2.00E-03,1.20E+00,,,,7.14E-05
Recirculating Aquaculture,Pelletier,2010,trout,1.26E+01,,,,3.96E-01,7.03E+01,,,,1.00E-03,2.51E+00,,,,3.57E-05
Non-Recirculating Aquaculture,Pelletier,2010,trout,1.74E+01,,,,3.79E-01,9.72E+01,,,,1.00E-03,3.47E+00,,,,3.57E-05
Non-Recirculating Aquaculture,Samuel-Fitwi,2013,trout,1.86E+01,,,,,1.04E+02,,,,,3.70E+00,,,,
Non-Recirculating Aquaculture,Samuel-Fitwi,2013,trout,2.95E+01,,,,,1.65E+02,,,,,5.89E+00,,,,
Recirculating Aquaculture,Samuel-Fitwi,2013,trout,1.13E+02,,,,,6.30E+02,,,,,2.25E+01,,,,
Trawl Fishery,Buchspies,2011,cod,2.98E+01,,,,,1.48E+02,,,,,5.30E+00,,,,
Trawl Fishery,Iribarren,2010,cod,9.45E+00,,,,,4.71E+01,,,,,1.68E+00,,,,
Non-Trawling Fishery,Iribarren,2010,cod,2.43E+01,,,,,1.21E+02,,,,,4.33E+00,,,,
Trawl Fishery,Iribarren,2010,cod,3.93E+01,,,,,1.96E+02,,,,,7.00E+00,,,,
Non-Trawling Fishery,Iribarren,2010,cod,4.86E+01,,,,,2.43E+02,,,,,8.66E+00,,,,
Non-Trawling Fishery,Iribarren,2010,cod,5.68E+01,,,,,2.83E+02,,,,,1.01E+01,,,,
Trawl Fishery,Iribarren,2010,cod,6.16E+01,,,,,3.07E+02,,,,,1.10E+01,,,,
Non-Trawling Fishery,Schau,2009,cod,2.82E+00,,,,,1.41E+01,,,,,5.03E-01,,,,
Non-Trawling Fishery,Schau,2009,cod,9.10E+00,,,,,4.54E+01,,,,,1.62E+00,,,,
Non-Trawling Fishery,Schau,2009,cod,9.73E+00,,,,,4.85E+01,,,,,1.73E+00,,,,
Non-Trawling Fishery,Schau,2009,cod,1.00E+01,,,,,5.01E+01,,,,,1.79E+00,,,,
Non-Trawling Fishery,Schau,2009,cod,1.04E+01,,,,,5.17E+01,,,,,1.84E+00,,,,
Non-Trawling Fishery,Schau,2009,cod,1.10E+01,,,,,5.48E+01,,,,,1.96E+00,,,,
Non-Trawling Fishery,Schau,2009,cod,1.19E+01,,,,,5.95E+01,,,,,2.12E+00,,,,
Non-Trawling Fishery,Schau,2009,cod,1.26E+01,,,,,6.26E+01,,,,,2.24E+00,,,,
Non-Trawling Fishery,Schau,2009,cod,1.26E+01,,,,,6.26E+01,,,,,2.24E+00,,,,
Non-Trawling Fishery,Schau,2009,cod,1.32E+01,,,,,6.57E+01,,,,,2.35E+00,,,,
Non-Trawling Fishery,Thrane,2004,cod,7.53E+00,,,,,3.76E+01,,,,,1.34E+00,,,,
Trawl Fishery,Thrane,2004,cod,1.41E+01,,,,,7.04E+01,,,,,2.52E+00,,,,
Non-Trawling Fishery,Tyedmers,2001,cod,7.22E+00,,,,,3.60E+01,,,,,1.29E+00,,,,
Non-Trawling Fishery,Tyedmers,2001,cod,1.20E+01,,,,,5.98E+01,,,,,2.14E+00,,,,
Non-Trawling Fishery,Tyedmers,2001,cod,1.28E+01,,,,,6.37E+01,,,,,2.28E+00,,,,
Non-Trawling Fishery,Tyedmers,2001,cod,1.35E+01,,,,,6.73E+01,,,,,2.40E+00,,,,
Trawl Fishery,Tyedmers,2001,cod,1.43E+01,,,,,7.11E+01,,,,,2.54E+00,,,,
Trawl Fishery,Tyedmers,2001,cod,1.47E+01,,,,,7.33E+01,,,,,2.62E+00,,,,
Non-Trawling Fishery,Tyedmers,2001,cod,1.50E+01,,,,,7.48E+01,,,,,2.67E+00,,,,
Non-Trawling Fishery,Tyedmers,2001,cod,1.52E+01,,,,,7.56E+01,,,,,2.70E+00,,,,
Trawl Fishery,Tyedmers,2001,cod,1.52E+01,,,,,7.59E+01,,,,,2.71E+00,,,,
Non-Trawling Fishery,Tyedmers,2001,cod,1.54E+01,,,,,7.65E+01,,,,,2.73E+00,,,,
Trawl Fishery,Tyedmers,2001,cod,1.55E+01,,,,,7.75E+01,,,,,2.77E+00,,,,
Non-Trawling Fishery,Tyedmers,2001,cod,1.66E+01,,,,,8.26E+01,,,,,2.95E+00,,,,
Non-Trawling Fishery,Tyedmers,2001,cod,1.69E+01,,,,,8.42E+01,,,,,3.01E+00,,,,
Non-Trawling Fishery,Tyedmers,2001,cod,1.79E+01,,,,,8.92E+01,,,,,3.19E+00,,,,
Non-Trawling Fishery,Tyedmers,2001,cod,1.80E+01,,,,,8.95E+01,,,,,3.20E+00,,,,
Non-Trawling Fishery,Tyedmers,2001,cod,1.85E+01,,,,,9.22E+01,,,,,3.29E+00,,,,
Trawl Fishery,Tyedmers,2001,cod,2.01E+01,,,,,1.00E+02,,,,,3.58E+00,,,,
Non-Trawling Fishery,Tyedmers,2001,cod,2.04E+01,,,,,1.02E+02,,,,,3.64E+00,,,,
Non-Trawling Fishery,Tyedmers,2001,cod,2.06E+01,,,,,1.03E+02,,,,,3.66E+00,,,,
Trawl Fishery,Tyedmers,2001,cod,2.39E+01,,,,,1.19E+02,,,,,4.25E+00,,,,
Non-Trawling Fishery,Tyedmers,2001,cod,4.49E+01,,,,,2.24E+02,,,,,7.99E+00,,,,
Non-Trawling Fishery,Tyedmers,2001,cod,4.81E+01,,,,,2.40E+02,,,,,8.56E+00,,,,
Trawl Fishery,Tyedmers,2001,cod,8.55E+01,,,,,4.26E+02,,,,,1.52E+01,,,,
Non-Trawling Fishery,Vazquez-Rowe,2011,cod,3.94E+01,,,,,1.97E+02,,,,,7.02E+00,,,,
Trawl Fishery,Vazquez-Rowe,2011,cod,6.13E+01,,,,,3.06E+02,,,,,1.09E+01,,,,
Non-Trawling Fishery,Ziegler,2003,cod,8.98E+00,,,,,4.48E+01,,,,,1.60E+00,,,,
Trawl Fishery,Ziegler,2003,cod,3.72E+01,,,,,1.86E+02,,,,,6.63E+00,,,,
Trawl Fishery,Iribarren,2010,crab,6.10E+02,,,,,2.97E+03,,,,,1.06E+02,,,,
Non-Trawling Fishery,Schau,2009,crab,9.91E+00,,,,,4.83E+01,,,,,1.73E+00,,,,
Non-Trawling Fishery,Schau,2009,crab,1.07E+01,,,,,5.20E+01,,,,,1.86E+00,,,,
Non-Trawling Fishery,Schau,2009,crab,1.98E+01,,,,,9.66E+01,,,,,3.45E+00,,,,
Non-Trawling Fishery,Schau,2009,crab,7.93E+01,,,,,3.87E+02,,,,,1.38E+01,,,,
Non-Trawling Fishery,Schau,2009,crab,7.93E+01,,,,,3.87E+02,,,,,1.38E+01,,,,
Non-Trawling Fishery,Iribarren,2010,eel,1.96E+01,,,,,1.01E+02,,,,,3.61E+00,,,,
Trawl Fishery,Iribarren,2010,flat fish,2.03E+02,,,,,7.07E+02,,,,,2.52E+01,,,,
Non-Trawling Fishery,Schau,2009,flat fish,3.68E+01,,,,,1.28E+02,,,,,4.57E+00,,,,
Non-Trawling Fishery,Schau,2009,flat fish,7.96E+01,,,,,2.77E+02,,,,,9.88E+00,,,,
Non-Trawling Fishery,Schau,2009,flat fish,8.14E+01,,,,,2.83E+02,,,,,1.01E+01,,,,
Non-Trawling Fishery,Schau,2009,flat fish,1.66E+02,,,,,5.77E+02,,,,,2.06E+01,,,,
Non-Trawling Fishery,Schau,2009,flat fish,1.84E+02,,,,,6.40E+02,,,,,2.28E+01,,,,
Non-Trawling Fishery,Schau,2009,flat fish,2.10E+02,,,,,7.29E+02,,,,,2.60E+01,,,,
Non-Trawling Fishery,Thrane,2004,flat fish,1.54E+01,,,,,5.36E+01,,,,,1.91E+00,,,,
Trawl Fishery,Thrane,2004,flat fish,8.22E+01,,,,,2.86E+02,,,,,1.02E+01,,,,
Trawl Fishery,Thrane,2004,flat fish,2.23E+02,,,,3.40E-03,7.77E+02,,,,3.00E-05,2.77E+01,,,,1.07E-06
Trawl Fishery,Thrane,2006,flat fish,1.68E+02,,,,,5.84E+02,,,,,2.09E+01,,,,
Non-Trawling Fishery,Tyedmers,2001,flat fish,3.25E+01,,,,,1.13E+02,,,,,4.04E+00,,,,
Trawl Fishery,Tyedmers,2001,flat fish,1.99E+02,,,,,6.90E+02,,,,,2.46E+01,,,,
Trawl Fishery,Buchspies,2011,Herring,2.69E+01,,,,,1.35E+02,,,,,4.83E+00,,,,
Non-Trawling Fishery,Driscoll,2010,Herring,7.40E-01,,,,,3.71E+00,,,,,1.33E-01,,,,
Trawl Fishery,Driscoll,2010,Herring,3.83E+00,,,,,1.93E+01,,,,,6.88E-01,,,,
Trawl Fishery,Driscoll,2010,Herring,4.15E+00,,,,,2.09E+01,,,,,7.45E-01,,,,
Non-Trawling Fishery,Iribarren,2010,Herring,8.41E+00,,,,,4.23E+01,,,,,1.51E+00,,,,
Non-Trawling Fishery,Schau,2009,Herring,2.90E+00,,,,,1.46E+01,,,,,5.20E-01,,,,
Non-Trawling Fishery,Schau,2009,Herring,3.26E+00,,,,,1.64E+01,,,,,5.86E-01,,,,
Non-Trawling Fishery,Schau,2009,Herring,3.26E+00,,,,,1.64E+01,,,,,5.86E-01,,,,
Non-Trawling Fishery,Tyedmers,2001,Herring,8.98E+00,,,,,4.52E+01,,,,,1.61E+00,,,,
Non-Trawling Fishery,Tyedmers,2001,Herring,1.08E+01,,,,,5.43E+01,,,,,1.94E+00,,,,
Trawl Fishery,Buchspies,2011,mackerel,2.51E+01,,,,,1.41E+02,,,,,5.03E+00,,,,
Trawl Fishery,Iribarren,2010,mackerel,7.83E+00,,,,,4.40E+01,,,,,1.57E+00,,,,
Non-Trawling Fishery,Iribarren,2010,mackerel,8.26E+00,,,,,4.64E+01,,,,,1.66E+00,,,,
Non-Trawling Fishery,Iribarren,2010,mackerel,1.05E+01,,,,,5.92E+01,,,,,2.11E+00,,,,
Non-Trawling Fishery,Iribarren,2010,mackerel,1.32E+01,,,,,7.44E+01,,,,,2.66E+00,,,,
Trawl Fishery,Iribarren,2010,mackerel,1.68E+01,,,,,9.44E+01,,,,,3.37E+00,,,,
Non-Trawling Fishery,Ramos,2011,mackerel,1.35E+00,,,,3.40E-03,7.57E+00,,,,1.00E-05,2.70E-01,,,,3.57E-07
Non-Trawling Fishery,Ramos,2011,mackerel,1.14E+01,,,,2.78E-02,6.38E+01,,,,8.00E-05,2.28E+00,,,,2.86E-06
Trawl Fishery,Ramos,2011,mackerel,3.24E+01,,,,7.08E-02,1.82E+02,,,,2.00E-04,6.51E+00,,,,7.14E-06
Non-Trawling Fishery,Schau,2009,mackerel,4.08E+00,,,,,2.30E+01,,,,,8.20E-01,,,,
Non-Trawling Fishery,Schau,2009,pollock,1.25E+01,,,,,6.83E+01,,,,,2.44E+00,,,,
Non-Trawling Fishery,Schau,2009,pollock,1.79E+01,,,,,9.71E+01,,,,,3.47E+00,,,,
Trawl Fishery,Tyedmers,2001,pollock,2.09E+01,,,,,1.14E+02,,,,,4.07E+00,,,,
Non-Trawling Fishery,Schau,2009,snapper,2.30E+01,,,,,1.32E+02,,,,,4.72E+00,,,,
Non-Trawling Fishery,Schau,2009,snapper,2.98E+01,,,,,1.71E+02,,,,,6.12E+00,,,,
Trawl Fishery,Tyedmers,2001,snapper,2.30E+01,,,,,1.32E+02,,,,,4.72E+00,,,,
Trawl Fishery,Tyedmers,2001,snapper,2.57E+01,,,,,1.47E+02,,,,,5.27E+00,,,,
Trawl Fishery,Tyedmers,2001,snapper,2.75E+01,,,,,1.58E+02,,,,,5.64E+00,,,,
Non-Trawling Fishery,Iribarren,2010,swordfish,7.37E+01,,,,,4.06E+02,,,,,1.45E+01,,,,
Non-Trawling Fishery,Hospido,2005,tuna,2.08E+01,,,,4.42E-02,1.28E+02,,,,3.00E-04,4.57E+00,,,,1.07E-05
Non-Trawling Fishery,Hospido,2005,tuna,2.21E+01,,,,4.68E-02,1.36E+02,,,,3.00E-04,4.86E+00,,,,1.07E-05
Non-Trawling Fishery,Hospido,2005,tuna,2.86E+01,,,,5.84E-02,1.76E+02,,,,4.00E-04,6.29E+00,,,,1.43E-05
Non-Trawling Fishery,Iribarren,2010,tuna,1.57E+01,,,,,9.68E+01,,,,,3.46E+00,,,,
Non-Trawling Fishery,Iribarren,2010,tuna,1.83E+01,,,,,1.13E+02,,,,,4.03E+00,,,,
Non-Trawling Fishery,Iribarren,2010,tuna,2.21E+01,,,,,1.36E+02,,,,,4.86E+00,,,,
Non-Trawling Fishery,Iribarren,2010,tuna,1.73E+02,,,,,1.06E+03,,,,,3.80E+01,,,,
Recirculating Aquaculture,Aubin,2009,turbot,1.25E+02,,,,1.60E+00,5.62E+02,,,,1.00E-02,2.01E+01,,,,3.57E-04
Non-Trawling Fishery,Schau,2009,turbot,2.05E+01,,,,,9.22E+01,,,,,3.29E+00,,,,
Non-Trawling Fishery,Schau,2009,turbot,2.19E+01,,,,,9.82E+01,,,,,3.51E+00,,,,
Non-Trawling Fishery,Schau,2009,turbot,2.32E+01,,,,,1.04E+02,,,,,3.72E+00,,,,
Non-Trawling Fishery,Schau,2009,turbot,1.38E+02,,,,,6.19E+02,,,,,2.21E+01,,,,
Pork,Basset-Mens,2005,Pork,3.19E+01,7.54E-02,2.21E+02,6.04E-01,2.89E-01,1.69E+02,4.00E-01,1.17E+03,3.20E+00,1.53E+00,6.05E+00,1.43E-02,4.18E+01,1.14E-01,5.47E-02
Pork,Basset-Mens,2005,Pork,4.80E+01,8.72E-02,2.48E+02,3.61E-01,2.30E-01,2.55E+02,4.63E-01,1.32E+03,1.91E+00,1.22E+00,9.10E+00,1.65E-02,4.71E+01,6.84E-02,4.37E-02
Pork,Basset-Mens,2005,Pork,5.51E+01,1.37E-01,3.08E+02,5.16E-01,3.00E-01,2.92E+02,7.27E-01,1.64E+03,2.74E+00,1.59E+00,1.04E+01,2.60E-02,5.84E+01,9.79E-02,5.68E-02
Pork,Blonk,2009,Pork,1.85E+01,,,,,9.80E+01,,,,,3.50E+00,,,,
Pork,Blonk,2009,Pork,1.85E+01,,,,,9.80E+01,,,,,3.50E+00,,,,
Pork,Blonk,2009,Pork,1.90E+01,,,,,1.01E+02,,,,,3.60E+00,,,,
Pork,Blonk,2009,Pork,1.95E+01,,,,,1.04E+02,,,,,3.70E+00,,,,
Pork,Blonk,2009,Pork,2.11E+01,,,,,1.12E+02,,,,,4.00E+00,,,,
Pork,Blonk,2009,Pork,2.27E+01,,,,,1.20E+02,,,,,4.30E+00,,,,
Pork,Blonk,2009,Pork,2.32E+01,,,,,1.23E+02,,,,,4.40E+00,,,,
Pork,Blonk,2009,Pork,2.64E+01,,,,,1.40E+02,,,,,5.00E+00,,,,
Pork,Cederberg,2009,Pork,3.40E+01,,,,,1.80E+02,,,,,6.44E+00,,,,
Pork,Cederberg,2009,Pork,4.00E+01,,,,,2.12E+02,,,,,7.58E+00,,,,
Pork,Cherubini,2015,Pork,3.11E+01,,2.00E+02,8.23E-01,,1.65E+02,,1.06E+03,4.37E+00,,5.90E+00,,3.79E+01,1.56E-01,
Pork,Cherubini,2015,Pork,3.39E+01,,2.15E+02,8.24E-01,,1.80E+02,,1.14E+03,4.37E+00,,6.42E+00,,4.07E+01,1.56E-01,
Pork,Cherubini,2015,Pork,3.50E+01,,2.15E+02,7.61E-01,,1.86E+02,,1.14E+03,4.04E+00,,6.63E+00,,4.08E+01,1.44E-01,
Pork,Cherubini,2015,Pork,3.55E+01,,2.26E+02,8.27E-01,,1.88E+02,,1.20E+03,4.39E+00,,6.73E+00,,4.28E+01,1.57E-01,
Pork,Devers,2011,Pork,2.46E+01,,2.11E+02,5.19E-01,3.32E-01,1.31E+02,,1.12E+03,2.75E+00,1.76E+00,4.66E+00,,3.99E+01,9.83E-02,6.29E-02
Pork,Devers,2011,Pork,3.77E+01,,1.68E+02,3.88E-01,2.20E-01,2.00E+02,,8.94E+02,2.06E+00,1.17E+00,7.15E+00,,3.19E+01,7.35E-02,4.16E-02
Pork,Eriksson,2005,Pork,2.10E+01,8.76E-02,9.70E+01,3.37E-01,1.65E-01,1.11E+02,4.65E-01,5.15E+02,1.79E+00,8.75E-01,3.97E+00,1.66E-02,1.84E+01,6.39E-02,3.13E-02
Pork,Eriksson,2005,Pork,1.89E+01,1.09E-01,7.75E+01,3.53E-01,1.71E-01,1.00E+02,5.76E-01,4.11E+02,1.87E+00,9.07E-01,3.58E+00,2.06E-02,1.47E+01,6.68E-02,3.24E-02
Pork,Eriksson,2005,Pork,1.93E+01,8.90E-02,8.70E+01,2.71E-01,1.37E-01,1.02E+02,4.72E-01,4.62E+02,1.44E+00,7.29E-01,3.66E+00,1.69E-02,1.65E+01,5.13E-02,2.60E-02
Pork,Halberg,2010,Pork,3.93E+01,1.18E-01,,7.07E-01,3.56E-01,2.08E+02,6.26E-01,,3.75E+00,1.89E+00,7.44E+00,2.24E-02,,1.34E-01,6.75E-02
Pork,Halberg,2010,Pork,4.05E+01,9.58E-02,,7.95E-01,3.55E-01,2.15E+02,5.08E-01,,4.22E+00,1.88E+00,7.68E+00,1.82E-02,,1.51E-01,6.72E-02
Pork,Halberg,2010,Pork,4.61E+01,1.28E-01,,8.52E-01,5.02E-01,2.45E+02,6.78E-01,,4.52E+00,2.67E+00,8.73E+00,2.42E-02,,1.62E-01,9.52E-02
Pork,Nguyen,2010,Pork,4.80E+01,8.30E-02,1.96E+02,,1.06E-01,2.55E+02,4.40E-01,1.04E+03,,5.64E-01,9.09E+00,1.57E-02,3.71E+01,,2.02E-02
Pork,Ogino,2013,Pork,3.69E+01,,3.21E+02,2.57E+00,1.08E-01,2.19E+02,,1.91E+03,1.52E+01,6.42E-01,7.81E+00,,6.81E+01,5.45E-01,2.29E-02
Pork,Ogino,2013,Pork,3.71E+01,,3.24E+02,2.57E+00,8.19E-02,2.20E+02,,1.92E+03,1.52E+01,4.86E-01,7.87E+00,,6.87E+01,5.45E-01,1.74E-02
Pork,Ogino,2013,Pork,3.75E+01,,3.29E+02,2.57E+00,5.81E-02,2.22E+02,,1.95E+03,1.52E+01,3.45E-01,7.94E+00,,6.97E+01,5.45E-01,1.23E-02
Pork,Ogino,2013,Pork,3.92E+01,,3.16E+02,2.69E+00,1.13E-01,2.33E+02,,1.88E+03,1.60E+01,6.70E-01,8.31E+00,,6.71E+01,5.71E-01,2.39E-02
Pork,Ogino,2013,Pork,4.01E+01,,3.26E+02,2.69E+00,6.07E-02,2.38E+02,,1.94E+03,1.60E+01,3.60E-01,8.50E+00,,6.92E+01,5.71E-01,1.29E-02
Pork,Pelletier,2010,Pork,3.43E+01,1.97E-01,1.35E+02,,2.21E-01,1.82E+02,1.05E+00,7.14E+02,,1.17E+00,6.50E+00,3.74E-02,2.55E+01,,4.18E-02
Pork,Pelletier,2010,Pork,3.50E+01,2.62E-01,1.58E+02,,4.47E-01,1.86E+02,1.39E+00,8.40E+02,,2.37E+00,6.63E+00,4.97E-02,3.00E+01,,8.47E-02
Pork,Pelletier,2010,Pork,4.23E+01,2.40E-01,1.65E+02,,2.89E-01,2.25E+02,1.27E+00,8.76E+02,,1.53E+00,8.02E+00,4.55E-02,3.13E+01,,5.47E-02
Pork,Pelletier,2010,Pork,4.62E+01,3.41E-01,2.00E+02,,6.37E-01,2.45E+02,1.81E+00,1.06E+03,,3.38E+00,8.76E+00,6.47E-02,3.79E+01,,1.21E-01
Pork,Reckmann,2013,Pork,2.41E+01,,1.36E+02,4.54E-01,1.71E-01,1.28E+02,,7.21E+02,2.41E+00,9.08E-01,4.56E+00,,2.58E+01,8.61E-02,3.24E-02
Pork,Williams,2006,Pork,5.64E+01,1.28E-01,1.45E+02,1.29E+00,5.70E-01,2.99E+02,6.79E-01,7.69E+02,6.84E+00,3.02E+00,1.07E+01,2.42E-02,2.75E+01,2.44E-01,1.08E-01
Pork,Williams,2006,Pork,6.08E+01,6.90E-02,1.55E+02,3.91E+00,9.69E-01,3.22E+02,3.66E-01,8.22E+02,2.07E+01,5.14E+00,1.15E+01,1.31E-02,2.94E+01,7.41E-01,1.84E-01
Pork,Williams,2006,Pork,6.33E+01,7.50E-02,1.67E+02,3.62E+00,9.49E-01,3.36E+02,3.98E-01,8.86E+02,1.92E+01,5.04E+00,1.20E+01,1.42E-02,3.16E+01,6.86E-01,1.80E-01
Pork,Williams,2006,Pork,6.36E+01,7.40E-02,1.67E+02,3.95E+00,9.99E-01,3.37E+02,3.92E-01,8.86E+02,2.09E+01,5.30E+00,1.20E+01,1.40E-02,3.16E+01,7.48E-01,1.89E-01
Pork,Williams,2006,Pork,6.42E+01,7.30E-02,1.67E+02,5.07E+00,1.19E+00,3.40E+02,3.87E-01,8.86E+02,2.69E+01,6.31E+00,1.22E+01,1.38E-02,3.16E+01,9.60E-01,2.25E-01
Poultry,Bengtsson,2013,Poultry,3.30E+01,,,,,1.71E+02,,,,,6.11E+00,,,,
Poultry,Cederberg,2009,Poultry,1.70E+01,,,,,8.84E+01,,,,,3.16E+00,,,,
Poultry,Cederberg,2009,Poultry,2.23E+01,,,,,1.16E+02,,,,,4.15E+00,,,,
Poultry,Gonzalez Garcia,2014,Poultry,1.21E+01,,8.33E+01,2.33E-01,1.09E-01,6.30E+01,,4.34E+02,1.21E+00,5.69E-01,2.25E+00,,1.55E+01,4.33E-02,2.03E-02
Poultry,Leinonen,2012,Poultry,2.37E+01,3.01E-02,1.36E+02,2.51E-01,1.09E-01,1.23E+02,1.57E-01,7.10E+02,1.31E+00,5.69E-01,4.41E+00,5.60E-03,2.54E+01,4.68E-02,2.03E-02
Poultry,Leinonen,2012,Poultry,2.76E+01,3.87E-02,1.38E+02,3.21E-01,1.30E-01,1.44E+02,2.02E-01,7.18E+02,1.67E+00,6.79E-01,5.13E+00,7.20E-03,2.57E+01,5.97E-02,2.43E-02
Poultry,Leinonen,2012,Poultry,3.04E+01,1.34E-01,2.17E+02,4.92E-01,2.63E-01,1.58E+02,7.00E-01,1.13E+03,2.56E+00,1.37E+00,5.66E+00,2.50E-02,4.03E+01,9.16E-02,4.88E-02
Poultry,Leinonen,2013,Poultry,3.13E+01,,,,,1.63E+02,,,,,5.81E+00,,,,
Poultry,Leinonen,2013,Poultry,3.17E+01,,,,,1.65E+02,,,,,5.88E+00,,,,
Poultry,Leinonen,2013,Poultry,3.20E+01,,,,,1.66E+02,,,,,5.93E+00,,,,
Poultry,Leinonen,2013,Poultry,3.21E+01,,,,,1.67E+02,,,,,5.95E+00,,,,
Poultry,Leinonen,2013,Poultry,3.21E+01,,,,,1.67E+02,,,,,5.95E+00,,,,
Poultry,Leinonen,2013,Poultry,3.31E+01,,,,,1.72E+02,,,,,6.15E+00,,,,
Poultry,Leinonen,2013,Poultry,3.40E+01,,,,,1.77E+02,,,,,6.31E+00,,,,
Poultry,Leinonen,2013,Poultry,3.45E+01,,,,1.78E-01,1.79E+02,,,,9.26E-01,6.40E+00,,,,3.31E-02
Poultry,Leinonen,2013,Poultry,3.58E+01,,,,1.80E-01,1.86E+02,,,,9.35E-01,6.64E+00,,,,3.34E-02
Poultry,Leinonen,2013,Poultry,3.60E+01,,,,1.80E-01,1.87E+02,,,,9.35E-01,6.68E+00,,,,3.34E-02
Poultry,Leinonen,2013,Poultry,3.64E+01,,,,,1.89E+02,,,,,6.74E+00,,,,
Poultry,Leinonen,2013,Poultry,3.66E+01,,,,,1.90E+02,,,,,6.79E+00,,,,
Poultry,Leinonen,2013,Poultry,3.67E+01,,,,,1.91E+02,,,,,6.81E+00,,,,
Poultry,Leinonen,2013,Poultry,3.70E+01,,,,,1.92E+02,,,,,6.86E+00,,,,
Poultry,Leinonen,2013,Poultry,3.71E+01,,,,,1.93E+02,,,,,6.88E+00,,,,
Poultry,Leinonen,2013,Poultry,3.73E+01,,,,,1.94E+02,,,,,6.93E+00,,,,
Poultry,Leinonen,2013,Poultry,3.75E+01,,,,1.82E-01,1.95E+02,,,,9.44E-01,6.96E+00,,,,3.37E-02
Poultry,Leinonen,2013,Poultry,3.75E+01,,,,,1.95E+02,,,,,6.96E+00,,,,
Poultry,Leinonen,2013,Poultry,3.90E+01,,,,1.85E-01,2.03E+02,,,,9.58E-01,7.24E+00,,,,3.42E-02
Poultry,Leinonen,2013,Poultry,3.93E+01,,,,1.84E-01,2.04E+02,,,,9.54E-01,7.29E+00,,,,3.41E-02
Poultry,Leinonen,2013,Poultry,3.93E+01,,,,1.86E-01,2.04E+02,,,,9.67E-01,7.29E+00,,,,3.46E-02
Poultry,Pelletier,2008,Poultry,1.76E+01,,,1.99E-01,3.49E-02,9.14E+01,,,1.04E+00,2.67E+00,3.26E+00,,,3.70E-02,9.54E-02
Poultry,Thevenot,2013,Poultry,2.00E+01,,2.47E+02,,2.46E-01,1.04E+02,,1.28E+03,,,3.71E+00,,4.58E+01,,
Poultry,Vergé,2009,Poultry,1.30E+01,,,,,6.75E+01,,,,,2.41E+00,,,,
Poultry,Vergé,2009,Poultry,1.34E+01,,,,,6.94E+01,,,,,2.48E+00,,,,
Poultry,Vergé,2009,Poultry,1.71E+01,,,,,9.43E+01,,,,,3.37E+00,,,,
Poultry,Williams,2006,Poultry,4.08E+01,5.72E-02,1.07E+02,1.55E+00,4.38E-01,2.13E+02,2.98E-01,5.58E+02,8.05E+00,2.28E+00,7.59E+00,1.06E-02,1.99E+01,2.87E-01,8.14E-02
Poultry,Williams,2006,Poultry,4.89E+01,6.52E-02,1.29E+02,2.05E+00,5.63E-01,2.55E+02,3.40E-01,6.74E+02,1.07E+01,2.93E+00,9.10E+00,1.21E-02,2.41E+01,3.82E-01,1.05E-01
Poultry,Williams,2006,Poultry,5.97E+01,1.25E-01,1.41E+02,2.36E+00,7.68E-01,3.11E+02,6.51E-01,7.35E+02,1.23E+01,4.00E+00,1.11E+01,2.33E-02,2.62E+01,4.39E-01,1.43E-01
Recirculating Aquaculture,Ayer,2009,char,2.85E+02,,,,2.03E-01,1.58E+03,,,,1.00E-03,5.66E+01,,,,3.57E-05
Rice,Aguilera,2015,Rice,2.21E+01,1.68E-02,,,,4.91E+01,3.70E-02,,,,1.75E+00,1.32E-03,,,
Rice,Aguilera,2015,Rice,3.62E+01,2.44E-02,,,,8.04E+01,5.40E-02,,,,2.87E+00,1.93E-03,,,
Rice,Blengini,2009,Rice,1.26E+01,1.79E-02,1.87E+02,,,2.80E+01,4.00E-02,4.17E+02,,,9.99E-01,1.43E-03,1.49E+01,,
Rice,Blengini,2009,Rice,3.10E+01,1.79E-02,1.34E+02,,,6.89E+01,4.00E-02,2.98E+02,,,2.46E+00,1.43E-03,1.06E+01,,
Rice,Blengini,2009,Rice,3.55E+01,1.79E-02,1.26E+02,,,7.90E+01,4.00E-02,2.80E+02,,,2.82E+00,1.43E-03,1.00E+01,,
Rice,Brodt,2014,Rice,1.85E+01,1.35E-02,,,,4.12E+01,3.00E-02,,,,1.47E+00,1.07E-03,,,
Rice,Fusi,2014,Rice,8.44E+00,2.25E-02,,,,1.88E+01,5.00E-02,,,,6.70E-01,1.79E-03,,,
Rice,Hokanozo,2012,Rice,1.84E+01,2.89E-02,6.55E+01,1.39E-01,9.57E-02,4.09E+01,6.40E-02,1.46E+02,3.08E-01,2.13E-01,1.46E+00,2.29E-03,5.20E+00,1.10E-02,7.60E-03
Rice,Hokanozo,2012,Rice,1.99E+01,2.84E-02,5.79E+01,2.39E-01,9.95E-02,4.42E+01,6.30E-02,1.29E+02,5.32E-01,2.21E-01,1.58E+00,2.25E-03,4.60E+00,1.90E-02,7.90E-03
Rice,Hokanozo,2012,Rice,2.52E+01,3.73E-02,7.68E+01,2.90E-01,1.31E-01,5.60E+01,8.30E-02,1.71E+02,6.44E-01,2.91E-01,2.00E+00,2.96E-03,6.10E+00,2.30E-02,1.04E-02
Rice,Khoshnevisan,2014,Rice,9.61E+00,2.38E-02,,,,2.14E+01,5.30E-02,,,,7.63E-01,1.89E-03,,,
Rice,Khoshnevisan,2014,Rice,1.65E+01,3.40E-02,,,,3.67E+01,7.60E-02,,,,1.31E+00,2.71E-03,,,
Rice,Wang,2010,Rice,,1.42E-02,4.44E+01,2.87E-01,,,3.20E-02,9.87E+01,6.39E-01,,,1.14E-03,3.53E+00,2.28E-02,
Ruminant Meat,Beauchemin,2010,Beef,2.39E+02,,,,,1.24E+03,,,,,4.43E+01,,,,
Ruminant Meat,Casey,2005,Beef,2.11E+02,,,,,1.10E+03,,,,,3.92E+01,,,,
Ruminant Meat,Casey,2006,Beef,1.84E+02,,,,,9.64E+02,,,,,3.44E+01,,,,
Ruminant Meat,Casey,2006,Beef,1.89E+02,,,,,9.89E+02,,,,,3.53E+01,,,,
Ruminant Meat,Casey,2006,Beef,1.93E+02,,,,,1.01E+03,,,,,3.61E+01,,,,
Ruminant Meat,Casey,2006,Beef,1.96E+02,,,,,1.03E+03,,,,,3.67E+01,,,,
Ruminant Meat,Casey,2006,Beef,2.00E+02,,,,,1.05E+03,,,,,3.74E+01,,,,
Ruminant Meat,Casey,2006,Beef,2.06E+02,,,,,1.08E+03,,,,,3.85E+01,,,,
Ruminant Meat,Casey,2006,Beef,2.08E+02,,,,,1.09E+03,,,,,3.89E+01,,,,
Ruminant Meat,Casey,2006,Beef,2.10E+02,,,,,1.10E+03,,,,,3.93E+01,,,,
Ruminant Meat,Casey,2006,Beef,2.12E+02,,,,,1.11E+03,,,,,3.96E+01,,,,
Ruminant Meat,Casey,2006,Beef,2.15E+02,,,,,1.12E+03,,,,,4.01E+01,,,,
Ruminant Meat,Casey,2006,Beef,2.16E+02,,,,,1.13E+03,,,,,4.04E+01,,,,
Ruminant Meat,Casey,2006,Beef,2.19E+02,,,,,1.14E+03,,,,,4.09E+01,,,,
Ruminant Meat,Casey,2006,Beef,2.21E+02,,,,,1.16E+03,,,,,4.13E+01,,,,
Ruminant Meat,Casey,2006,Beef,2.23E+02,,,,,1.17E+03,,,,,4.17E+01,,,,
Ruminant Meat,Casey,2006,Beef,2.26E+02,,,,,1.18E+03,,,,,4.22E+01,,,,
Ruminant Meat,Casey,2006,Beef,2.27E+02,,,,,1.19E+03,,,,,4.23E+01,,,,
Ruminant Meat,Casey,2006,Beef,2.33E+02,,,,,1.22E+03,,,,,4.36E+01,,,,
Ruminant Meat,Casey,2006,Beef,2.35E+02,,,,,1.23E+03,,,,,4.39E+01,,,,
Ruminant Meat,Cederberg,2009,Beef,1.51E+02,,,,,7.84E+02,,,,,2.80E+01,,,,
Ruminant Meat,Cederberg,2009,Beef,2.15E+02,,2.69E+01,,,1.12E+03,,1.40E+02,,,4.00E+01,,5.00E+00,,
Ruminant Meat,Clarke,2013,Beef,2.21E+02,,,,,1.15E+03,,,,,4.10E+01,,,,
Ruminant Meat,Clarke,2013,Beef,2.23E+02,,,,,1.16E+03,,,,,4.14E+01,,,,
Ruminant Meat,Clarke,2013,Beef,2.24E+02,,,,,1.17E+03,,,,,4.16E+01,,,,
Ruminant Meat,Clarke,2013,Beef,2.25E+02,,,,,1.17E+03,,,,,4.18E+01,,,,
Ruminant Meat,Clarke,2013,Beef,2.26E+02,,,,,1.18E+03,,,,,4.20E+01,,,,
Ruminant Meat,Clarke,2013,Beef,2.27E+02,,,,,1.18E+03,,,,,4.22E+01,,,,
Ruminant Meat,Clarke,2013,Beef,2.28E+02,,,,,1.19E+03,,,,,4.24E+01,,,,
Ruminant Meat,Clarke,2013,Beef,2.29E+02,,,,,1.19E+03,,,,,4.27E+01,,,,
Ruminant Meat,Clarke,2013,Beef,2.45E+02,,,,,1.27E+03,,,,,4.55E+01,,,,
Ruminant Meat,Clarke,2013,Beef,2.46E+02,,,,,1.28E+03,,,,,4.57E+01,,,,
Ruminant Meat,Clarke,2013,Beef,2.47E+02,,,,,1.29E+03,,,,,4.59E+01,,,,
Ruminant Meat,Clarke,2013,Beef,2.49E+02,,,,,1.30E+03,,,,,4.63E+01,,,,
Ruminant Meat,Clarke,2013,Beef,2.50E+02,,,,,1.30E+03,,,,,4.65E+01,,,,
Ruminant Meat,Clarke,2013,Beef,2.51E+02,,,,,1.31E+03,,,,,4.67E+01,,,,
Ruminant Meat,Clarke,2013,Beef,2.52E+02,,,,,1.31E+03,,,,,4.69E+01,,,,
Ruminant Meat,Clarke,2013,Beef,2.54E+02,,,,,1.32E+03,,,,,4.71E+01,,,,
Ruminant Meat,Dick,2015,Beef,1.62E+02,3.72E-01,,6.73E-02,,8.44E+02,1.94E+00,,3.50E-01,,3.02E+01,6.91E-02,,1.25E-02,
Ruminant Meat,Dick,2015,Beef,3.99E+02,4.16E+00,,4.96E-02,,2.08E+03,2.16E+01,,2.58E-01,,7.41E+01,7.73E-01,,9.22E-03,
Ruminant Meat,Edward-Jones,2009,Beef,2.73E+02,,,,,1.43E+03,,,,,5.10E+01,,,,
Ruminant Meat,Edward-Jones,2009,Beef,8.39E+02,,,,,4.39E+03,,,,,1.57E+02,,,,
Ruminant Meat,Flachowsky,2008,Beef,4.84E+01,,,,,2.52E+02,,,,,9.00E+00,,,,
Ruminant Meat,Flachowsky,2008,Beef,7.42E+01,,,,,3.86E+02,,,,,1.38E+01,,,,
Ruminant Meat,Flachowsky,2008,Beef,1.51E+02,,,,,7.84E+02,,,,,2.80E+01,,,,
Ruminant Meat,Foley,2011,Beef,2.07E+02,,,,,1.08E+03,,,,,3.86E+01,,,,
Ruminant Meat,Foley,2011,Beef,2.16E+02,,,,,1.13E+03,,,,,4.02E+01,,,,
Ruminant Meat,Foley,2011,Beef,2.24E+02,,,,,1.17E+03,,,,,4.16E+01,,,,
Ruminant Meat,Foley,2011,Beef,2.42E+02,,,,,1.26E+03,,,,,4.49E+01,,,,
Ruminant Meat,Foley,2011,Beef,2.54E+02,,,,,1.32E+03,,,,,4.71E+01,,,,
Ruminant Meat,Nguyen,2012,Beef,,,3.31E+02,5.54E-01,2.92E-01,,,1.72E+03,2.88E+00,1.52E+00,,,6.16E+01,1.03E-01,5.43E-02
Ruminant Meat,Nguyen,2012,Beef,,,2.30E+02,6.75E-01,3.36E-01,,,1.20E+03,3.51E+00,1.75E+00,,,4.28E+01,1.25E-01,6.25E-02
Ruminant Meat,Nguyen,2012,Beef,,,3.49E+02,5.21E-01,3.81E-01,,,1.82E+03,2.71E+00,1.98E+00,,,6.48E+01,9.68E-02,7.08E-02
Ruminant Meat,Pelletier,2010,Beef,2.62E+02,1.49E+00,6.76E+02,,1.84E+00,1.36E+03,7.77E+00,3.52E+03,,9.59E+00,4.87E+01,2.77E-01,1.26E+02,,3.42E-01
Ruminant Meat,Pelletier,2010,Beef,2.87E+02,1.73E+00,7.97E+02,,2.11E+00,1.49E+03,9.01E+00,4.15E+03,,1.10E+01,5.33E+01,3.22E-01,1.48E+02,,3.92E-01
Ruminant Meat,Pelletier,2010,Beef,3.40E+02,2.12E+00,8.57E+02,,2.51E+00,1.77E+03,1.11E+01,4.46E+03,,1.31E+01,6.32E+01,3.95E-01,1.59E+02,,4.67E-01
Ruminant Meat,Peters,2010,Beef,9.00E+01,2.67E-01,,,,4.69E+02,1.39E+00,,,,1.67E+01,4.96E-02,,,
Ruminant Meat,Peters,2010,Beef,1.08E+02,3.24E-01,,,,5.60E+02,1.69E+00,,,,2.00E+01,6.02E-02,,,
Ruminant Meat,Peters,2010,Beef,1.09E+02,,,,,5.66E+02,,,,,2.02E+01,,,,
Ruminant Meat,Peters,2010,Beef,1.12E+02,3.04E-01,,,,5.83E+02,1.58E+00,,,,2.08E+01,5.65E-02,,,
Ruminant Meat,Peters,2010,Beef,1.26E+02,3.16E-01,,,,6.57E+02,1.65E+00,,,,2.35E+01,5.88E-02,,,
Ruminant Meat,Peters,2010,Beef,1.32E+02,,,,,6.86E+02,,,,,2.45E+01,,,,
Ruminant Meat,Phetteplace,2001,Beef,2.73E+02,,,,,1.43E+03,,,,,5.10E+01,,,,
Ruminant Meat,Roer,2013,Beef,1.94E+02,2.58E-01,,2.69E+00,,1.01E+03,1.34E+00,,1.40E+01,,3.61E+01,4.80E-02,,5.00E-01,
Ruminant Meat,Roer,2013,Beef,2.00E+02,2.12E-01,,2.82E+00,,1.04E+03,1.10E+00,,1.47E+01,,3.71E+01,3.94E-02,,5.24E-01,
Ruminant Meat,Roer,2013,Beef,2.02E+02,2.45E-01,,2.76E+00,,1.05E+03,1.27E+00,,1.43E+01,,3.76E+01,4.55E-02,,5.12E-01,
Ruminant Meat,Vergé,2008,Beef,1.78E+02,,,,,9.27E+02,,,,,3.31E+01,,,,
Ruminant Meat,Vergé,2008,Beef,2.16E+02,,,,,1.13E+03,,,,,4.02E+01,,,,
Ruminant Meat,Wiedemann,2015,Beef,1.66E+02,2.58E+00,1.84E+02,,,8.65E+02,1.34E+01,9.60E+02,,,3.09E+01,4.79E-01,3.43E+01,,
Ruminant Meat,Wiedemann,2015,Beef,1.83E+02,1.53E+00,2.50E+02,,,9.53E+02,7.98E+00,1.30E+03,,,3.40E+01,2.85E-01,4.65E+01,,
Ruminant Meat,Wiedemann,2015,Beef,1.96E+02,3.32E+00,1.40E+02,,,1.02E+03,1.73E+01,7.30E+02,,,3.64E+01,6.18E-01,2.61E+01,,
Ruminant Meat,Williams,2006,Beef,1.71E+02,2.50E-01,2.94E+02,4.96E+00,1.68E+00,8.91E+02,1.30E+00,1.53E+03,2.58E+01,8.74E+00,3.18E+01,4.65E-02,5.47E+01,9.22E-01,3.12E-01
Ruminant Meat,Williams,2006,Beef,1.73E+02,2.52E-01,3.05E+02,5.15E+00,1.72E+00,9.03E+02,1.31E+00,1.59E+03,2.68E+01,8.97E+00,3.22E+01,4.69E-02,5.67E+01,9.57E-01,3.20E-01
Ruminant Meat,Williams,2006,Beef,1.80E+02,2.65E-01,3.26E+02,5.60E+00,1.86E+00,9.37E+02,1.38E+00,1.70E+03,2.91E+01,9.66E+00,3.35E+01,4.92E-02,6.06E+01,1.04E+00,3.45E-01
Ruminant Meat,Williams,2006,Beef,2.00E+02,4.62E-01,1.99E+02,7.81E+00,3.58E+00,1.04E+03,2.41E+00,1.03E+03,4.06E+01,1.86E+01,3.71E+01,8.59E-02,3.69E+01,1.45E+00,6.65E-01
Ruminant Meat,Williams,2006,Beef,2.78E+02,4.23E-01,4.47E+02,7.77E+00,2.82E+00,1.45E+03,2.20E+00,2.33E+03,4.05E+01,1.47E+01,5.16E+01,7.86E-02,8.31E+01,1.44E+00,5.24E-01
Ruminant Meat,Biswas,2010,Mutton and Goat,8.70E+01,,,,,5.04E+02,,,,,1.80E+01,,,,
Ruminant Meat,Biswas,2010,Mutton and Goat,9.50E+01,,,,,5.50E+02,,,,,1.96E+01,,,,
Ruminant Meat,Bosch,2010,Mutton and Goat,2.92E+02,,,,,1.69E+03,,,,,6.05E+01,,,,
Ruminant Meat,Bosch,2010,Mutton and Goat,3.64E+02,,,,,2.11E+03,,,,,7.53E+01,,,,
Ruminant Meat,Bosch,2010,Mutton and Goat,4.26E+02,,,,,2.47E+03,,,,,8.81E+01,,,,
Ruminant Meat,Casey,2005,Mutton and Goat,1.71E+02,,,,,9.89E+02,,,,,3.53E+01,,,,
Ruminant Meat,Edward-Jones,2009,Mutton and Goat,9.75E+01,,,,,5.64E+02,,,,,2.02E+01,,,,
Ruminant Meat,Edward-Jones,2009,Mutton and Goat,1.93E+02,,,,,1.12E+03,,,,,4.00E+01,,,,
Ruminant Meat,Edward-Jones,2009,Mutton and Goat,3.12E+02,,,,,1.81E+03,,,,,6.45E+01,,,,
Ruminant Meat,Edward-Jones,2009,Mutton and Goat,7.74E+02,,,,,4.48E+03,,,,,1.60E+02,,,,
Ruminant Meat,Wiedemann,2015,Mutton and Goat,1.23E+02,2.29E+00,1.09E+02,,,7.10E+02,1.32E+01,6.31E+02,,,2.53E+01,4.73E-01,2.26E+01,,
Ruminant Meat,Williams,2006,Mutton and Goat,8.60E+01,2.66E-01,1.57E+02,1.29E+01,5.06E+00,4.98E+02,1.54E+00,9.07E+02,7.45E+01,2.93E+01,1.78E+01,5.49E-02,3.24E+01,2.66E+00,1.05E+00
Ruminant Meat,Williams,2006,Mutton and Goat,1.49E+02,1.18E-01,1.97E+02,3.13E+00,1.66E+00,8.63E+02,6.80E-01,1.14E+03,1.81E+01,9.61E+00,3.08E+01,2.43E-02,4.07E+01,6.48E-01,3.43E-01
Trawl Fishery,Iribarren,2010,anglerfish,4.32E+02,,,,,1.75E+03,,,,,6.25E+01,,,,
Trawl Fishery,Iribarren,2010,squid,8.21E+01,,,,,3.58E+02,,,,,1.28E+01,,,,
Trawl Fishery,Iribarren,2010,squid,8.88E+01,,,,,3.87E+02,,,,,1.38E+01,,,,
Trawl Fishery,Iribarren,2010,squid,9.45E+01,,,,,4.12E+02,,,,,1.47E+01,,,,
Wheat,Biswas,2008,Wheat,1.75E+00,,,,,7.54E+00,,,,,2.69E-01,,,,
Wheat,Biswas,2010,Wheat,1.75E+00,,,,,7.56E+00,,,,,2.70E-01,,,,
Wheat,Brentrup,2003,Wheat,9.20E-01,3.14E-02,1.37E+01,,,3.99E+00,1.35E-01,5.91E+01,,,1.43E-01,4.82E-03,2.11E+00,,
Wheat,Brentrup,2003,Wheat,1.26E+00,1.35E-02,9.03E+00,,,5.45E+00,5.80E-02,3.89E+01,,,1.95E-01,2.07E-03,1.39E+00,,
Wheat,Brentrup,2003,Wheat,1.43E+00,9.13E-03,8.08E+00,,,6.18E+00,3.90E-02,3.49E+01,,,2.21E-01,1.39E-03,1.25E+00,,
Wheat,Brentrup,2003,Wheat,1.67E+00,7.61E-03,8.35E+00,,,7.21E+00,3.30E-02,3.60E+01,,,2.58E-01,1.18E-03,1.29E+00,,
Wheat,Brentrup,2003,Wheat,1.98E+00,7.02E-03,9.13E+00,,,8.53E+00,3.00E-02,3.94E+01,,,3.05E-01,1.07E-03,1.41E+00,,
Wheat,Brentrup,2003,Wheat,2.41E+00,7.00E-03,1.05E+01,,,1.04E+01,3.00E-02,4.52E+01,,,3.71E-01,1.07E-03,1.61E+00,,
Wheat,Brentrup,2003,Wheat,2.89E+00,7.13E-03,1.21E+01,,,1.25E+01,3.10E-02,5.20E+01,,,4.45E-01,1.11E-03,1.86E+00,,
Wheat,Charles,2006,Wheat,2.41E+00,,2.16E+01,1.77E-02,3.50E-03,1.04E+01,0.00E+00,9.32E+01,7.64E-02,1.52E-02,3.71E-01,,3.33E+00,2.73E-03,5.43E-04
Wheat,Fallahpour,2012,Wheat,2.98E+00,1.08E-01,,,,1.29E+01,4.67E-01,,,,4.59E-01,1.67E-02,,,
Wheat,Fallahpour,2012,Wheat,3.37E+00,2.60E-01,,,,1.45E+01,1.12E+00,,,,5.18E-01,4.00E-02,,,
Wheat,Fallahpour,2012,Wheat,3.60E+00,7.73E-02,,,,1.55E+01,3.33E-01,,,,5.55E-01,1.19E-02,,,
Wheat,Fallahpour,2012,Wheat,4.47E+00,1.58E-01,,,,1.93E+01,6.83E-01,,,,6.88E-01,2.44E-02,,,
Wheat,Fallahpour,2012,Wheat,5.27E+00,1.14E-01,,,,2.27E+01,4.91E-01,,,,8.12E-01,1.75E-02,,,
Wheat,Fallahpour,2012,Wheat,5.84E+00,1.04E-02,,,,2.52E+01,4.50E-02,,,,8.99E-01,1.61E-03,,,
Wheat,Fallahpour,2012,Wheat,5.72E+00,1.57E-02,,,,2.47E+01,6.70E-02,,,,8.81E-01,2.39E-03,,,
Wheat,Fallahpour,2012,Wheat,5.89E+00,1.41E-02,,,,2.54E+01,6.10E-02,,,,9.07E-01,2.18E-03,,,
Wheat,Fallahpour,2012,Wheat,6.44E+00,1.26E-02,,,,2.78E+01,5.40E-02,,,,9.92E-01,1.93E-03,,,
Wheat,Fallahpour,2012,Wheat,7.74E+00,3.23E-02,,,,3.34E+01,1.39E-01,,,,1.19E+00,4.96E-03,,,
Wheat,Moudry,2013,Wheat,3.00E+00,,,,,1.30E+01,,,,,4.63E-01,,,,
Wheat,Moudry,2013,Wheat,3.62E+00,,,,,1.56E+01,,,,,5.58E-01,,,,
Wheat,Pelletier,2008,Wheat,1.89E+00,2.68E-02,5.19E+00,6.30E-02,,8.14E+00,1.16E-01,2.24E+01,2.72E-01,,2.91E-01,4.14E-03,8.00E-01,9.70E-03,
Wheat,Pelletier,2008,Wheat,2.48E+00,2.41E-02,1.75E+01,6.62E-02,,1.07E+01,1.04E-01,7.56E+01,2.86E-01,,3.82E-01,3.71E-03,2.70E+00,1.02E-02,
Wheat,Ridoutt,2013,Wheat,3.04E+00,9.15E-03,,,,1.31E+01,3.90E-02,,,,4.68E-01,1.39E-03,,,
Wheat,Ridoutt,2013,Wheat,1.91E+01,4.33E-02,,,,8.21E+01,1.87E-01,,,,2.93E+00,6.68E-03,,,
Wheat,Ridoutt,2013,Wheat,2.06E+01,3.82E-02,,,,8.89E+01,1.65E-01,,,,3.18E+00,5.89E-03,,,
Wheat,Roer,2011,Wheat,4.81E+00,1.24E-02,,,,2.07E+01,5.30E-02,,,,7.40E-01,1.89E-03,,,
Wheat,Tamburini,2015,Wheat,3.31E+00,9.02E-03,,1.16E-02,2.75E-02,1.43E+01,3.90E-02,,5.01E-02,1.19E-01,5.09E-01,1.39E-03,,1.79E-03,4.24E-03
Wheat,Tuomisto,2012,Wheat,2.24E+00,8.22E-03,9.02E+00,,,9.66E+00,3.50E-02,3.89E+01,,,3.45E-01,1.25E-03,1.39E+00,,
Wheat,Tuomisto,2012,Wheat,2.38E+00,1.48E-02,1.11E+01,,,1.03E+01,6.40E-02,4.77E+01,,,3.67E-01,2.29E-03,1.71E+00,,
Wheat,Tuomisto,2012,Wheat,2.60E+00,1.06E-02,1.50E+01,,,1.12E+01,4.60E-02,6.46E+01,,,4.01E-01,1.64E-03,2.31E+00,,
Wheat,Wang,2009,Wheat,4.33E+00,6.66E-03,5.14E+01,4.58E-02,3.73E-02,1.87E+01,2.90E-02,2.22E+02,1.98E-01,1.61E-01,6.67E-01,1.04E-03,7.91E+00,7.06E-03,5.74E-03
Wheat,Wang,2014,Wheat,8.35E+00,9.37E-03,,1.44E-01,2.85E-02,3.60E+01,4.00E-02,,6.19E-01,1.23E-01,1.29E+00,1.43E-03,,2.21E-02,4.39E-03
Wheat,Wang,2014,Wheat,9.21E+00,1.01E-02,,1.63E-01,3.25E-02,3.97E+01,4.40E-02,,7.04E-01,1.40E-01,1.42E+00,1.57E-03,,2.51E-02,5.01E-03
Wheat,Williams,2006,Wheat,5.10E+00,1.58E-02,1.13E+01,2.21E-02,6.04E-02,2.20E+01,6.80E-02,4.87E+01,9.52E-02,2.60E-01,7.86E-01,2.43E-03,1.74E+00,3.40E-03,9.30E-03
Wheat,Williams,2006,Wheat,5.22E+00,9.15E-03,1.60E+01,2.08E-02,2.01E-02,2.25E+01,3.90E-02,6.89E+01,8.96E-02,8.68E-02,8.04E-01,1.39E-03,2.46E+00,3.20E-03,3.10E-03
